Country,Energy Source (billion kWh),1980,1981,1982,1983,1984,1985,1986,1987,1988,1989,1990,1991,1992,1993,1994,1995,1996,1997,1998,1999,2000,2001,2002,2003,2004,2005,2006,2007,2008,2009,2010,2011,2012,2013,2014,2015,2016,2017,2018,2019,2020,2021
Algeria,            Hydroelectricity ,0.248,0.362,0.474,0.233,0.516,0.639,0.247,0.491,0.181,0.263,0.134,0.29,0.197,0.349,0.164,0.191,0.134,0.074,0.213,0.201,0.053,0.068,0.056,0.262,0.248,0.549,0.216,0.224,0.28,0.303,0.172,0.497,0.616,0.327,0.251,0.144,0.21582,0.05544,0.11583,0.152,0.05,0.09
Algeria,                Geothermal,0,0,0,0,0,0,0,0,0,0,0,0,0,0,0,0,0,0,0,0,0,0,0,0,0,0,0,0,0,0,0,0,0,0,0,0,0,0,0,0,0,0
Algeria,"                Solar, tide, wave, fuel cell",0,0,0,0,0,0,0,0,0,0,0,0,0,0,0,0,0,0,0,0,0,0,0,0,0,0,0,0,0,0,0.0001,0.0001,0,0,0,0.058,0.087,0.572,0.655,0.675,0.663,0.80886
Algeria,                    Tide and wave ,0,0,0,0,0,0,0,0,0,0,0,0,0,0,0,0,0,0,0,0,0,0,0,0,0,0,0,0,0,0,0,0,0,0,0,0,0,0,0,0,0,0
Algeria,                    Solar ,0,0,0,0,0,0,0,0,0,0,0,0,0,0,0,0,0,0,0,0,0,0,0,0,0,0,0,0,0,0,0.0001,0.0001,0,0,0,0.058,0.087,0.572,0.655,0.675,0.663,0.80886
Algeria,                Wind ,0,0,0,0,0,0,0,0,0,0,0,0,0,0,0,0,0,0,0,0,0,0,0,0,0,0,0,0,0,0,0,0,0,0,0,0.019,0.029,0.008,0.011,0.01,0.008,0.008
Algeria,                Biomass and waste ,0,0,0,0,0,0,0,0,0,0,0,0,0,0,0,0,0,0,0,0,0,0,0,0,0,0,0,0,0,0,0,0,0,0,0,0,0,0,0,0,0,0
,,,,,,,,,,,,,,,,,,,,,,,,,,,,,,,,,,,,,,,,,,,
Angola,            Hydroelectricity ,0.53,0.53,0.6,0.6,0.6,0.6,0.66,0.66,0.66,0.667,0.718,0.715,0.832,0.881,0.886,0.891,0.916,0.866,1.049,0.885,0.903,1.007,1.132,1.229,1.733,2.197,2.638,2.472,3.103,3.063,3.666,3.967,3.734,4.719,4.991,5.037,5.757,7.576,9.793,10.874,11.954,11.5
Angola,                Geothermal,0,0,0,0,0,0,0,0,0,0,0,0,0,0,0,0,0,0,0,0,0,0,0,0,0,0,0,0,0,0,0,0,0,0,0,0,0,0,0,0,0,0
Angola,"                Solar, tide, wave, fuel cell",0,0,0,0,0,0,0,0,0,0,0,0,0,0,0,0,0,0,0,0,0,0,0,0,0,0,0,0,0,0,0.01,0.011,0.014,0.015,0.017,0.018,0.018271,0.018,0.018,0.018,0.018,0.018
Angola,                    Tide and wave ,0,0,0,0,0,0,0,0,0,0,0,0,0,0,0,0,0,0,0,0,0,0,0,0,0,0,0,0,0,0,0,0,0,0,0,0,0,0,0,0,0,0
Angola,                    Solar ,0,0,0,0,0,0,0,0,0,0,0,0,0,0,0,0,0,0,0,0,0,0,0,0,0,0,0,0,0,0,0.01,0.011,0.014,0.015,0.017,0.018,0.018271,0.018,0.018,0.018,0.018,0.018
Angola,                Wind ,0,0,0,0,0,0,0,0,0,0,0,0,0,0,0,0,0,0,0,0,0,0,0,0,0,0,0,0,0,0,0,0,0,0,0,0,0,0,0,0,0,0
Angola,                Biomass and waste ,0,0,0,0,0,0,0,0,0,0,0,0,0,0,0,0,0,0,0,0,0,0,0,0,0,0,0,0,0,0,0,0,0,0,0.036,0.042,0.155,0.2,0.2,0.2,0.2,0.2
,,,,,,,,,,,,,,,,,,,,,,,,,,,,,,,,,,,,,,,,,,,
Benin,            Hydroelectricity ,0,0,0,0,0,0,0,0,0,0,0,0,0,0,0,0,0.0017,0.0017,0.0017,0.0017,0.002,0.002,0.002,0.002,0.001,0.001,0.001,0.001,0.001,0.001,0.001,0.001,0.001,0.002,0.002,0.001,0.005,0.001,0.0001,0.00006,0.00006,0.00006
Benin,                Geothermal,0,0,0,0,0,0,0,0,0,0,0,0,0,0,0,0,0,0,0,0,0,0,0,0,0,0,0,0,0,0,0,0,0,0,0,0,0,0,0,0,0,0
Benin,"                Solar, tide, wave, fuel cell",0,0,0,0,0,0,0,0,0,0,0,0,0,0,0,0,0,0,0,0,0,0,0,0,0,0,0,0,0,0,0,0,0,0,0,0.005,0.005,0.005,0.005,0.008,0.007,0.008
Benin,                    Tide and wave ,0,0,0,0,0,0,0,0,0,0,0,0,0,0,0,0,0,0,0,0,0,0,0,0,0,0,0,0,0,0,0,0,0,0,0,0,0,0,0,0,0,0
Benin,                    Solar ,0,0,0,0,0,0,0,0,0,0,0,0,0,0,0,0,0,0,0,0,0,0,0,0,0,0,0,0,0,0,0,0,0,0,0,0.005,0.005,0.005,0.005,0.008,0.007,0.008
Benin,                Wind ,0,0,0,0,0,0,0,0,0,0,0,0,0,0,0,0,0,0,0,0,0,0,0,0,0,0,0,0,0,0,0,0,0,0,0,0,0,0,0,0,0,0
Benin,                Biomass and waste ,0,0,0,0,0,0,0,0,0,0,0,0,0,0,0,0,0,0,0,0,0,0,0,0,0,0,0,0,0,0,0,0,0,0,0,0,0,0,0,0,0,0
,,,,,,,,,,,,,,,,,,,,,,,,,,,,,,,,,,,,,,,,,,,
Botswana,            Hydroelectricity ,0,0,0,0,0,0,0,0,0,0,0,0,0,0,0,0,0,0,0,0,0,0,0,0,0,0,0,0,0,0,0,0,0,0,0,0,0,0,0,0,0,0
Botswana,                Geothermal,0,0,0,0,0,0,0,0,0,0,0,0,0,0,0,0,0,0,0,0,0,0,0,0,0,0,0,0,0,0,0,0,0,0,0,0,0,0,0,0,0,0
Botswana,"                Solar, tide, wave, fuel cell",0,0,0,0,0,0,0,0,0,0,0,0,0,0,0,0,0,0,0,0,0,0,0,0,0,0,0,0,0,0,0,0,0.001,0.002,0.003,0.003,0.005,0.005,0.006,0.006,0.006,0.006
Botswana,                    Tide and wave ,0,0,0,0,0,0,0,0,0,0,0,0,0,0,0,0,0,0,0,0,0,0,0,0,0,0,0,0,0,0,0,0,0,0,0,0,0,0,0,0,0,0
Botswana,                    Solar ,0,0,0,0,0,0,0,0,0,0,0,0,0,0,0,0,0,0,0,0,0,0,0,0,0,0,0,0,0,0,0,0,0.001,0.002,0.003,0.003,0.005,0.005,0.006,0.006,0.006,0.006
Botswana,                Wind ,0,0,0,0,0,0,0,0,0,0,0,0,0,0,0,0,0,0,0,0,0,0,0,0,0,0,0,0,0,0,0,0,0,0,0,0,0,0,0,0,0,0
Botswana,                Biomass and waste ,0,0,0,0,0,0,0,0,0,0,0,0,0,0,0,0,0,0,0,0,0,0,0,0,0,0,0,0,0,0,0,0,0,0,0,0,0,0,0,0,0,0
,,,,,,,,,,,,,,,,,,,,,,,,,,,,,,,,,,,,,,,,,,,
Burkina Faso,            Hydroelectricity ,0,0,0,0,0,0,0,0,0,0,0.009,0.013,0.02,0.047,0.072,0.094,0.114,0.115,0.078,0.123,0.097,0.053,0.064,0.096,0.100444,0.099468,0.079861,0.110303,0.134573,0.130974,0.116,0.081,0.097,0.106,0.09,0.093,0.139,0.128,0.128,0.11,0.11,0.11
Burkina Faso,                Geothermal,0,0,0,0,0,0,0,0,0,0,0,0,0,0,0,0,0,0,0,0,0,0,0,0,0,0,0,0,0,0,0,0,0,0,0,0,0,0,0,0,0,0
Burkina Faso,"                Solar, tide, wave, fuel cell",0,0,0,0,0,0,0,0,0,0,0,0,0,0,0,0,0,0,0,0,0,0,0,0,0,0,0,0,0,0,0.006,0.009,0.009,0.01,0.011,0.013,0.016,0.029,0.098,0.103,0.101,0.12322
Burkina Faso,                    Tide and wave ,0,0,0,0,0,0,0,0,0,0,0,0,0,0,0,0,0,0,0,0,0,0,0,0,0,0,0,0,0,0,0,0,0,0,0,0,0,0,0,0,0,0
Burkina Faso,                    Solar ,0,0,0,0,0,0,0,0,0,0,0,0,0,0,0,0,0,0,0,0,0,0,0,0,0,0,0,0,0,0,0.006,0.009,0.009,0.01,0.011,0.013,0.016,0.029,0.098,0.103,0.101,0.12322
Burkina Faso,                Wind ,0,0,0,0,0,0,0,0,0,0,0,0,0,0,0,0,0,0,0,0,0,0,0,0,0,0,0,0,0,0,0,0,0,0,0,0,0,0,0,0,0,0
Burkina Faso,                Biomass and waste ,0,0,0,0,0,0,0,0,0,0,0,0,0,0,0,0,0,0,0,0,0,0,0,0,0,0,0,0,0,0,0,0,0,0,0,0,0,0.001,0.001,0.001,0.001,0.001007969
,,,,,,,,,,,,,,,,,,,,,,,,,,,,,,,,,,,,,,,,,,,
Burundi,            Hydroelectricity ,0.002,0.002,0.002,0.023,0.039,0.046,0.061,0.094,0.103,0.102,0.107,0.11,0.104,0.108,0.114,0.117,0.117,0.12,0.109,0.097,0.098,0.114,0.126,0.1,0.09,0.095,0.092,0.116,0.111,0.12,0.141,0.128,0.139,0.138,0.14,0.136,0.142,0.185,0.15,0.22,0.22,0.22
Burundi,                Geothermal,0,0,0,0,0,0,0,0,0,0,0,0,0,0,0,0,0,0,0,0,0,0,0,0,0,0,0,0,0,0,0,0,0,0,0,0,0,0,0,0,0,0
Burundi,"                Solar, tide, wave, fuel cell",0,0,0,0,0,0,0,0,0,0,0,0,0,0,0,0,0,0,0,0,0,0,0,0,0,0,0,0,0,0,0.0009,0.001,0.002,0.003,0.004,0.005,0.006,0.008,0.008,0.008,0.008,0.008
Burundi,                    Tide and wave ,0,0,0,0,0,0,0,0,0,0,0,0,0,0,0,0,0,0,0,0,0,0,0,0,0,0,0,0,0,0,0,0,0,0,0,0,0,0,0,0,0,0
Burundi,                    Solar ,0,0,0,0,0,0,0,0,0,0,0,0,0,0,0,0,0,0,0,0,0,0,0,0,0,0,0,0,0,0,0.0009,0.001,0.002,0.003,0.004,0.005,0.006,0.008,0.008,0.008,0.008,0.008
Burundi,                Wind ,0,0,0,0,0,0,0,0,0,0,0,0,0,0,0,0,0,0,0,0,0,0,0,0,0,0,0,0,0,0,0,0,0,0,0,0,0,0,0,0,0,0
Burundi,                Biomass and waste ,0,0,0,0,0,0,0,0,0,0,0,0,0,0,0,0,0,0,0,0,0,0,0,0,0,0,0,0,0,0,0.005,0.006,0.006,0.007,0.006,0.006,0.007,0.007,0.005788,0.005,0.005788,0.005788
,,,,,,,,,,,,,,,,,,,,,,,,,,,,,,,,,,,,,,,,,,,
Cabo Verde,            Hydroelectricity ,0,0,0,0,0,0,0,0,0,0,0,0,0,0,0,0,0,0,0,0,0,0,0,0,0,0,0,0,0,0,0,0,0,0,0,0,0,0,0,0,0,0
Cabo Verde,                Geothermal,0,0,0,0,0,0,0,0,0,0,0,0,0,0,0,0,0,0,0,0,0,0,0,0,0,0,0,0,0,0,0,0,0,0,0,0,0,0,0,0,0,0
Cabo Verde,"                Solar, tide, wave, fuel cell",0,0,0,0,0,0,0,0,0,0,0,0,0,0,0,0,0,0,0,0,0,0,0,0,0,0,0,0,0,0,0.002,0.009,0.008,0.007,0.007,0.006,0.006,0.007,0.009,0.009,0.009,0.009
Cabo Verde,                    Tide and wave ,0,0,0,0,0,0,0,0,0,0,0,0,0,0,0,0,0,0,0,0,0,0,0,0,0,0,0,0,0,0,0,0,0,0,0,0,0,0,0,0,0,0
Cabo Verde,                    Solar ,0,0,0,0,0,0,0,0,0,0,0,0,0,0,0,0,0,0,0,0,0,0,0,0,0,0,0,0,0,0,0.002,0.009,0.008,0.007,0.007,0.006,0.006,0.007,0.009,0.009,0.009,0.009
Cabo Verde,                Wind ,0,0,0,0,0,0,0,0,0,0,0,0,0,0.002,0.005,0.006,0.007,0.007,0.008,0.008,0.008,0.006,0.006,0.005,0.006,0.006,0.007,0.007,0.006,0.007,0.002,0.016,0.063,0.076,0.083,0.079,0.077,0.068,0.08,0.074,0.064,0.064
Cabo Verde,                Biomass and waste ,0,0,0,0,0,0,0,0,0,0,0,0,0,0,0,0,0,0,0,0,0,0,0,0,0,0,0,0,0,0,0,0,0,0,0,0,0,0,0,0,0,0
,,,,,,,,,,,,,,,,,,,,,,,,,,,,,,,,,,,,,,,,,,,
Cameroon,            Hydroelectricity ,1.35,1.79,2.028,2.003,2.106,2.295,2.297,2.301,2.489,2.602,2.609,2.642,2.624,2.626,2.661,2.725,2.839,3.061,3.085,3.301,3.408,3.439,3.15,3.493,3.881,3.734,3.853,3.809,4.19,3.976,4.2174,4.35303,4.21344,4.32927,4.32927,4.31541,4.32927,5.0391,4.97277,5.34,5.4344,5
Cameroon,                Geothermal,0,0,0,0,0,0,0,0,0,0,0,0,0,0,0,0,0,0,0,0,0,0,0,0,0,0,0,0,0,0,0,0,0,0,0,0,0,0,0,0,0,0
Cameroon,"                Solar, tide, wave, fuel cell",0,0,0,0,0,0,0,0,0,0,0,0,0,0,0,0,0,0,0,0,0,0,0,0,0,0,0,0,0,0,0.001,0.003,0.004,0.005,0.008,0.01,0.012,0.016,0.02,0.02,0.02,0.02
Cameroon,                    Tide and wave ,0,0,0,0,0,0,0,0,0,0,0,0,0,0,0,0,0,0,0,0,0,0,0,0,0,0,0,0,0,0,0,0,0,0,0,0,0,0,0,0,0,0
Cameroon,                    Solar ,0,0,0,0,0,0,0,0,0,0,0,0,0,0,0,0,0,0,0,0,0,0,0,0,0,0,0,0,0,0,0.001,0.003,0.004,0.005,0.008,0.01,0.012,0.016,0.02,0.02,0.02,0.02
Cameroon,                Wind ,0,0,0,0,0,0,0,0,0,0,0,0,0,0,0,0,0,0,0,0,0,0,0,0,0,0,0,0,0,0,0,0,0,0,0,0,0,0,0,0,0,0
Cameroon,                Biomass and waste ,0,0,0,0,0,0,0,0,0,0,0,0,0,0,0,0,0,0,0,0,0,0,0,0,0,0,0,0,0,0,0,0,0,0,0,0,0,0,0,0,0,0
,,,,,,,,,,,,,,,,,,,,,,,,,,,,,,,,,,,,,,,,,,,
Central African Republic,            Hydroelectricity ,0.066,0.065,0.068,0.064,0.069,0.06,0.076,0.073,0.074,0.074,0.076,0.075,0.077,0.077,0.079,0.08,0.081,0.083,0.081,0.081,0.083,0.082,0.082,0.083,0.124,0.133,0.139,0.136,0.136,0.135,0.134,0.146,0.149,0.137,0.168,0.168,0.169,0.15,0.15,0.15,0.15,0.15
Central African Republic,                Geothermal,0,0,0,0,0,0,0,0,0,0,0,0,0,0,0,0,0,0,0,0,0,0,0,0,0,0,0,0,0,0,0,0,0,0,0,0,0,0,0,0,0,0
Central African Republic,"                Solar, tide, wave, fuel cell",0,0,0,0,0,0,0,0,0,0,0,0,0,0,0,0,0,0,0,0,0,0,0,0,0,0,0,0,0,0,0.0001,0.0003,0.0004,0.0004,0.0004,0.0004,0.0004,0.0004,0,0,0,0
Central African Republic,                    Tide and wave ,0,0,0,0,0,0,0,0,0,0,0,0,0,0,0,0,0,0,0,0,0,0,0,0,0,0,0,0,0,0,0,0,0,0,0,0,0,0,0,0,0,0
Central African Republic,                    Solar ,0,0,0,0,0,0,0,0,0,0,0,0,0,0,0,0,0,0,0,0,0,0,0,0,0,0,0,0,0,0,0.0001,0.0003,0.0004,0.0004,0.0004,0.0004,0.0004,0.0004,0,0,0,0
Central African Republic,                Wind ,0,0,0,0,0,0,0,0,0,0,0,0,0,0,0,0,0,0,0,0,0,0,0,0,0,0,0,0,0,0,0,0,0,0,0,0,0,0,0,0,0,0
Central African Republic,                Biomass and waste ,0,0,0,0,0,0,0,0,0,0,0,0,0,0,0,0,0,0,0,0,0,0,0,0,0,0,0,0,0,0,0,0,0,0,0,0,0,0,0,0,0,0
,,,,,,,,,,,,,,,,,,,,,,,,,,,,,,,,,,,,,,,,,,,
Chad,            Hydroelectricity ,0,0,0,0,0,0,0,0,0,0,0,0,0,0,0,0,0,0,0,0,0,0,0,0,0,0,0,0,0,0,0,0,0,0,0,0,0,0,0,0,0,0
Chad,                Geothermal,0,0,0,0,0,0,0,0,0,0,0,0,0,0,0,0,0,0,0,0,0,0,0,0,0,0,0,0,0,0,0,0,0,0,0,0,0,0,0,0,0,0
Chad,"                Solar, tide, wave, fuel cell",0,0,0,0,0,0,0,0,0,0,0,0,0,0,0,0,0,0,0,0,0,0,0,0,0,0,0,0,0,0,0,0,0,0.0001,0.0001,0.0003,0.0003,0.0003,0,0,0,0
Chad,                    Tide and wave ,0,0,0,0,0,0,0,0,0,0,0,0,0,0,0,0,0,0,0,0,0,0,0,0,0,0,0,0,0,0,0,0,0,0,0,0,0,0,0,0,0,0
Chad,                    Solar ,0,0,0,0,0,0,0,0,0,0,0,0,0,0,0,0,0,0,0,0,0,0,0,0,0,0,0,0,0,0,0,0,0,0.0001,0.0001,0.0003,0.0003,0.0003,0,0,0,0
Chad,                Wind ,0,0,0,0,0,0,0,0,0,0,0,0,0,0,0,0,0,0,0,0,0,0,0,0,0,0,0,0,0,0,0,0,0,0,0,0,0.009,0.009,0.009,0.009,0.009,0.009
Chad,                Biomass and waste ,0,0,0,0,0,0,0,0,0,0,0,0,0,0,0,0,0,0,0,0,0,0,0,0,0,0,0,0,0,0,0,0,0.009,0.009,0.009,0.009,0.009,0.009,0.01,0.01,0.01,0.01
,,,,,,,,,,,,,,,,,,,,,,,,,,,,,,,,,,,,,,,,,,,
Congo-Brazzaville,            Hydroelectricity ,0.099,0.102,0.174,0.229,0.248,0.288,0.265,0.275,0.286,0.393,0.485,0.474,0.421,0.355,0.319,0.348,0.451,0.446,0.339,0.25,0.292,0.331,0.392,0.339,0.327,0.351,0.368,0.332,0.371,0.327,0.426,0.783,0.977,0.961,0.942,1.087,1.116,1.191,1.094348,0.84689,0.90045,0.9
Congo-Brazzaville,                Geothermal,0,0,0,0,0,0,0,0,0,0,0,0,0,0,0,0,0,0,0,0,0,0,0,0,0,0,0,0,0,0,0,0,0,0,0,0,0,0,0,0,0,0
Congo-Brazzaville,"                Solar, tide, wave, fuel cell",0,0,0,0,0,0,0,0,0,0,0,0,0,0,0,0,0,0,0,0,0,0,0,0,0,0,0,0,0,0,0,0.0001,0.0001,0.0003,0.0003,0.001,0.001,0.001,0.001,0.001,0.001,0.00122
Congo-Brazzaville,                    Tide and wave ,0,0,0,0,0,0,0,0,0,0,0,0,0,0,0,0,0,0,0,0,0,0,0,0,0,0,0,0,0,0,0,0,0,0,0,0,0,0,0,0,0,0
Congo-Brazzaville,                    Solar ,0,0,0,0,0,0,0,0,0,0,0,0,0,0,0,0,0,0,0,0,0,0,0,0,0,0,0,0,0,0,0,0.0001,0.0001,0.0003,0.0003,0.001,0.001,0.001,0.001,0.001,0.001,0.00122
Congo-Brazzaville,                Wind ,0,0,0,0,0,0,0,0,0,0,0,0,0,0,0,0,0,0,0,0,0,0,0,0,0,0,0,0,0,0,0,0,0,0,0,0,0,0,0,0,0,0
Congo-Brazzaville,                Biomass and waste ,0,0,0,0,0,0,0,0,0,0,0,0,0,0,0,0,0,0,0,0,0,0,0,0,0,0,0,0,0,0,0,0,0,0,0,0,0,0,0,0,0,0
,,,,,,,,,,,,,,,,,,,,,,,,,,,,,,,,,,,,,,,,,,,
Congo-Kinshasa,            Hydroelectricity ,4.199,4.126,4.08,4.432,4.646,4.975,5.204,5.187,5.196,5.836,5.569,5.206,5.993,5.473,5.241,6.097,6.03,4.974,4.662,5.247,5.939,5.914,6.049,6.098,7.007,7.319,7.445,7.742,7.408,7.722,7.741,7.733,7.51,8.147,8.732,8.827,9.008,9.387,10.43262,11.041425,11.913623,11
Congo-Kinshasa,                Geothermal,0,0,0,0,0,0,0,0,0,0,0,0,0,0,0,0,0,0,0,0,0,0,0,0,0,0,0,0,0,0,0,0,0,0,0,0,0,0,0,0,0,0
Congo-Kinshasa,"                Solar, tide, wave, fuel cell",0,0,0,0,0,0,0,0,0,0,0,0,0,0,0,0,0,0,0,0,0,0,0,0,0,0,0,0,0,0,0,0,0.0001,0.001,0.001,0.001,0.005,0.007,0.007,0.007,0.007,0.007
Congo-Kinshasa,                    Tide and wave ,0,0,0,0,0,0,0,0,0,0,0,0,0,0,0,0,0,0,0,0,0,0,0,0,0,0,0,0,0,0,0,0,0,0,0,0,0,0,0,0,0,0
Congo-Kinshasa,                    Solar ,0,0,0,0,0,0,0,0,0,0,0,0,0,0,0,0,0,0,0,0,0,0,0,0,0,0,0,0,0,0,0,0,0.0001,0.001,0.001,0.001,0.005,0.007,0.007,0.007,0.007,0.007
Congo-Kinshasa,                Wind ,0,0,0,0,0,0,0,0,0,0,0,0,0,0,0,0,0,0,0,0,0,0,0,0,0,0,0,0,0,0,0,0,0,0,0,0,0,0,0,0,0,0
Congo-Kinshasa,                Biomass and waste ,0,0,0,0,0,0,0,0,0,0,0,0,0,0,0,0,0,0,0,0,0,0,0,0,0,0,0,0,0,0,0,0,0,0,0,0,0,0.02,0.027,0.027,0.027,0.027
,,,,,,,,,,,,,,,,,,,,,,,,,,,,,,,,,,,,,,,,,,,
Cote d'Ivoire,            Hydroelectricity ,1.345,1.726,1.731,1.067,0.369,1.344,1.179,1.216,1.227,1.25,1.309,1.242,1.038,1.087,1.162,1.766,1.764,1.86,1.363,1.736,1.746,1.782,1.712,1.814,1.731,1.423,1.495,1.779,1.879,2.11,1.602,1.756,1.771,1.59,1.894,1.338,1.51371,2.02653,2.93238,3.455,3.354,3.3
Cote d'Ivoire,                Geothermal,0,0,0,0,0,0,0,0,0,0,0,0,0,0,0,0,0,0,0,0,0,0,0,0,0,0,0,0,0,0,0,0,0,0,0,0,0,0,0,0,0,0
Cote d'Ivoire,"                Solar, tide, wave, fuel cell",0,0,0,0,0,0,0,0,0,0,0,0,0,0,0,0,0,0,0,0,0,0,0,0,0,0.0001,0.0002,0.0002,0.0002,0.0005,0.002,0.002,0.002,0.002,0.003,0.004,0.005,0.007,0.007,0.011,0.011,0.011
Cote d'Ivoire,                    Tide and wave ,0,0,0,0,0,0,0,0,0,0,0,0,0,0,0,0,0,0,0,0,0,0,0,0,0,0,0,0,0,0,0,0,0,0,0,0,0,0,0,0,0,0
Cote d'Ivoire,                    Solar ,0,0,0,0,0,0,0,0,0,0,0,0,0,0,0,0,0,0,0,0,0,0,0,0,0,0.0001,0.0002,0.0002,0.0002,0.0005,0.002,0.002,0.002,0.002,0.003,0.004,0.005,0.007,0.007,0.011,0.011,0.011
Cote d'Ivoire,                Wind ,0,0,0,0,0,0,0,0,0,0,0,0,0,0,0,0,0,0,0,0,0,0,0,0,0,0,0,0,0,0,0,0,0,0,0,0,0,0,0,0,0,0
Cote d'Ivoire,                Biomass and waste ,0,0,0,0,0,0,0,0,0,0,0,0,0,0,0,0,0,0,0,0,0,0,0,0,0,0,0,0,0,0,0,0,0,0,0,0,0,0,0,0,0,0
,,,,,,,,,,,,,,,,,,,,,,,,,,,,,,,,,,,,,,,,,,,
Djibouti,            Hydroelectricity ,0,0,0,0,0,0,0,0,0,0,0,0,0,0,0,0,0,0,0,0,0,0,0,0,0,0,0,0,0,0,0,0,0,0,0,0,0,0,0,0,0,0
Djibouti,                Geothermal,0,0,0,0,0,0,0,0,0,0,0,0,0,0,0,0,0,0,0,0,0,0,0,0,0,0,0,0,0,0,0,0,0,0,0,0,0,0,0,0,0,0
Djibouti,"                Solar, tide, wave, fuel cell",0,0,0,0,0,0,0,0,0,0,0,0,0,0,0,0,0,0,0,0,0,0,0,0,0,0,0,0,0,0,0,0,0.0005,0.0005,0.0005,0.0005,0.0005,0.0005,0.001,0.001,0.001,0.00122
Djibouti,                    Tide and wave ,0,0,0,0,0,0,0,0,0,0,0,0,0,0,0,0,0,0,0,0,0,0,0,0,0,0,0,0,0,0,0,0,0,0,0,0,0,0,0,0,0,0
Djibouti,                    Solar ,0,0,0,0,0,0,0,0,0,0,0,0,0,0,0,0,0,0,0,0,0,0,0,0,0,0,0,0,0,0,0,0,0.0005,0.0005,0.0005,0.0005,0.0005,0.0005,0.001,0.001,0.001,0.00122
Djibouti,                Wind ,0,0,0,0,0,0,0,0,0,0,0,0,0,0,0,0,0,0,0,0,0,0,0,0,0,0,0,0,0,0,0,0,0,0,0,0,0,0,0,0,0,0
Djibouti,                Biomass and waste ,0,0,0,0,0,0,0,0,0,0,0,0,0,0,0,0,0,0,0,0,0,0,0,0,0,0,0,0,0,0,0,0,0,0,0,0,0,0,0,0,0,0
,,,,,,,,,,,,,,,,,,,,,,,,,,,,,,,,,,,,,,,,,,,
Egypt,            Hydroelectricity ,9.699,10.109,10.365,10.094,9.9,8.019,7.92,8.168,7.821,7.92,9.875,8.545,8.455,10.381,10.63,11.299,11.439,11.867,12.1,15.134,13.56,14.979,12.73,12.889,12.518,12.518,12.796,15.355,14.535,12.734,12.916,12.805,12.99,13.218,13.684,13.41,12.722,12.59874,12.77001,12.09,12.09,14
Egypt,                Geothermal,0,0,0,0,0,0,0,0,0,0,0,0,0,0,0,0,0,0,0,0,0,0,0,0,0,0,0,0,0,0,0,0,0,0,0,0,0,0,0,0,0,0
Egypt,"                Solar, tide, wave, fuel cell",0,0,0,0.00005,0.00005,0.00005,0.0001,0.0001,0.0001,0.0001,0.0001,0.0001,0.0001,0.0001,0.0001,0.0002,0.0002,0.0002,0.0002,0.0002,0.0002,0.0002,0.0002,0.0002,0.0002,0.0002,0.0002,0.0002,0.0002,0.0002,0.206,0.223,0.237,0.114,0.244,0.168,0.58,0.603,1.525,4.43,4.506,4.8
Egypt,                    Tide and wave ,0,0,0,0,0,0,0,0,0,0,0,0,0,0,0,0,0,0,0,0,0,0,0,0,0,0,0,0,0,0,0,0,0,0,0,0,0,0,0,0,0,0
Egypt,                    Solar ,0,0,0,0.00005,0.00005,0.00005,0.0001,0.0001,0.0001,0.0001,0.0001,0.0001,0.0001,0.0001,0.0001,0.0002,0.0002,0.0002,0.0002,0.0002,0.0002,0.0002,0.0002,0.0002,0.0002,0.0002,0.0002,0.0002,0.0002,0.0002,0.206,0.223,0.237,0.114,0.244,0.168,0.58,0.603,1.525,4.43,4.506,4.8
Egypt,                Wind ,0,0,0,0,0,0,0,0,0,0,0,0,0,0.001,0.01,0.01,0.01,0.01,0.01,0.024,0.137,0.221,0.204,0.368,0.523,0.552,0.616,0.831,0.913,1.133,1.498,1.525,1.123,1.332,1.444,2.058,2.2,2.334,3.018,4.233,4.233,4.233
Egypt,                Biomass and waste ,0,0,0,0,0,0,0,0,0,0,0,0,0,0,0,0,0,0,0,0,0.314,0.311,0.32,0.325,0.325,0.326,0.333,0.34,0.329,0.31,0.314,0.315,0.311,0.316,0.321,0.318,0.311,0.307644,0.316,0.356,0.328,0.330613948
,,,,,,,,,,,,,,,,,,,,,,,,,,,,,,,,,,,,,,,,,,,
Equatorial Guinea,            Hydroelectricity ,0.002,0.002,0.002,0.002,0.002,0.002,0.002,0.002,0.002,0.002,0.002,0.002,0.002,0.002,0.002,0.002,0.002,0.003,0.003,0.003,0.014,0.014,0.014,0.014,0.014,0.014,0.014,0.014,0.052,0.052,0.028,0.028,0.08,0.251,0.379,0.467,0.471,0.438,0.443,0.448,0.48906,0.44
Equatorial Guinea,                Geothermal,0,0,0,0,0,0,0,0,0,0,0,0,0,0,0,0,0,0,0,0,0,0,0,0,0,0,0,0,0,0,0,0,0,0,0,0,0,0,0,0,0,0
Equatorial Guinea,"                Solar, tide, wave, fuel cell",0,0,0,0,0,0,0,0,0,0,0,0,0,0,0,0,0,0,0,0,0,0,0,0,0,0,0,0,0,0,0,0,0,0,0,0,0,0,0,0,0,0
Equatorial Guinea,                    Tide and wave ,0,0,0,0,0,0,0,0,0,0,0,0,0,0,0,0,0,0,0,0,0,0,0,0,0,0,0,0,0,0,0,0,0,0,0,0,0,0,0,0,0,0
Equatorial Guinea,                    Solar ,0,0,0,0,0,0,0,0,0,0,0,0,0,0,0,0,0,0,0,0,0,0,0,0,0,0,0,0,0,0,0,0,0,0,0,0,0,0,0,0,0,0
Equatorial Guinea,                Wind ,0,0,0,0,0,0,0,0,0,0,0,0,0,0,0,0,0,0,0,0,0,0,0,0,0,0,0,0,0,0,0,0,0,0,0,0,0,0,0,0,0,0
Equatorial Guinea,                Biomass and waste ,0,0,0,0,0,0,0,0,0,0,0,0,0,0,0,0,0,0,0,0,0,0,0,0,0,0,0,0,0,0,0,0,0,0,0,0,0,0,0,0,0,0
,,,,,,,,,,,,,,,,,,,,,,,,,,,,,,,,,,,,,,,,,,,
Eritrea,            Hydroelectricity ,--,--,--,--,--,--,--,--,--,--,--,--,--,--,0,0,0,0,0,0,0,0,0,0,0,0,0,0,0,0,0,0,0,0,0,0,0,0,0,0,0,0
Eritrea,                Geothermal,--,--,--,--,--,--,--,--,--,--,--,--,--,--,0,0,0,0,0,0,0,0,0,0,0,0,0,0,0,0,0,0,0,0,0,0,0,0,0,0,0,0
Eritrea,"                Solar, tide, wave, fuel cell",--,--,--,--,--,--,--,--,--,--,--,--,--,--,0,0,0,0.001,0.001,0.001,0.001,0.001,0.001,0.001,0.001,0.001,0.002,0.002,0.002,0.002,0.002,0.003,0.003,0.004,0.004,0.005,0.005,0.006,0.01,0.011,0.013,0.015
Eritrea,                    Tide and wave ,--,--,--,--,--,--,--,--,--,--,--,--,--,--,0,0,0,0,0,0,0,0,0,0,0,0,0,0,0,0,0,0,0,0,0,0,0,0,0,0,0,0
Eritrea,                    Solar ,--,--,--,--,--,--,--,--,--,--,--,--,--,--,0,0,0,0.001,0.001,0.001,0.001,0.001,0.001,0.001,0.001,0.001,0.002,0.002,0.002,0.002,0.002,0.003,0.003,0.004,0.004,0.005,0.005,0.006,0.01,0.011,0.013,0.015
Eritrea,                Wind ,--,--,--,--,--,--,--,--,--,--,--,--,--,--,0,0,0,0,0,0,0,0,0,0,0,0,0,0,0.002,0.002,0.002,0.002,0.002,0.002,0.002,0.002,0.002,0.002,0.002,0.002,0.002,0.002
Eritrea,                Biomass and waste ,--,--,--,--,--,--,--,--,--,--,--,--,--,--,0,0,0,0,0,0,0,0,0,0,0,0,0,0,0,0,0,0,0,0,0,0,0,0,0,0,0,0
,,,,,,,,,,,,,,,,,,,,,,,,,,,,,,,,,,,,,,,,,,,
Eswatini,            Hydroelectricity ,0.126,0.129,0.094,0.065,0.129,0.185,0.151,0.183,0.194,0.217,0.152,0.202,0.202,0.202,0.202,0.208,0.208,0.21,0.208,0.203,0.195,0.19,0.201,0.122,0.102,0.157,0.154,0.171,0.157,0.202,0.242,0.28,0.242,0.305,0.233,0.124,0.12,0.208953,0.267253,0.228285,0.265445,0.25
Eswatini,                Geothermal,0,0,0,0,0,0,0,0,0,0,0,0,0,0,0,0,0,0,0,0,0,0,0,0,0,0,0,0,0,0,0,0,0,0,0,0,0,0,0,0,0,0
Eswatini,"                Solar, tide, wave, fuel cell",0,0,0,0,0,0,0,0,0,0,0,0,0,0,0,0,0,0,0,0,0,0,0,0,0,0,0,0,0,0,0.0009,0.001,0.001,0.001,0.001,0.001,0.001,0.001,0.001,0.001,0.001,0.00122
Eswatini,                    Tide and wave ,0,0,0,0,0,0,0,0,0,0,0,0,0,0,0,0,0,0,0,0,0,0,0,0,0,0,0,0,0,0,0,0,0,0,0,0,0,0,0,0,0,0
Eswatini,                    Solar ,0,0,0,0,0,0,0,0,0,0,0,0,0,0,0,0,0,0,0,0,0,0,0,0,0,0,0,0,0,0,0.0009,0.001,0.001,0.001,0.001,0.001,0.001,0.001,0.001,0.001,0.001,0.00122
Eswatini,                Wind ,0,0,0,0,0,0,0,0,0,0,0,0,0,0,0,0,0,0,0,0,0,0,0,0,0,0,0,0,0,0,0,0,0,0,0,0,0,0,0,0,0,0
Eswatini,                Biomass and waste ,0,0,0,0,0,0,0,0,0,0,0,0,0,0,0,0,0,0,0,0,0.164,0.18,0.196,0.188,0.199,0.206,0.195,0.199,0.187,0.17,0.134,0.13221,0.167,0.171,0.17,0.176,0.183,0.183,0.185,0.185,0.189,0.190506208
,,,,,,,,,,,,,,,,,,,,,,,,,,,,,,,,,,,,,,,,,,,
Ethiopia,            Hydroelectricity ,0.473,0.502,0.574,0.623,0.683,0.747,0.821,0.886,0.956,0.994,1.088,1.097,1.127,1.251,1.34,1.414,1.495,1.55,1.563,1.589,1.63,1.972,2.003,2.257,2.496,2.805,3.226,3.351,3.263,3.489,4.882,6.199,7.314,8.255,8.923,9.577,11.635,12.55419,12.88782,13.56,13.56,14
Ethiopia,                Geothermal,0,0,0,0,0,0,0,0,0,0,0,0,0,0,0,0,0,0,0.026,0.02,0.005,0.0001,0,0,0,0,0,0,0.014,0.024,0.018,0.008,0.008,0.0001,0.0001,0.0001,0.0001,0.0001,0.0001,0.0001,0.0001,0.0001
Ethiopia,"                Solar, tide, wave, fuel cell",0,0,0,0,0,0,0,0,0,0,0,0,0,0,0,0,0,0,0,0,0,0,0,0,0,0,0,0,0.0001,0.0004,0.0004,0.0008,0.002,0.006,0.016,0.018,0.021,0.022,0.02,0.02,0.032,0.035
Ethiopia,                    Tide and wave ,0,0,0,0,0,0,0,0,0,0,0,0,0,0,0,0,0,0,0,0,0,0,0,0,0,0,0,0,0,0,0,0,0,0,0,0,0,0,0,0,0,0
Ethiopia,                    Solar ,0,0,0,0,0,0,0,0,0,0,0,0,0,0,0,0,0,0,0,0,0,0,0,0,0,0,0,0,0.0001,0.0004,0.0004,0.0008,0.002,0.006,0.016,0.018,0.021,0.022,0.02,0.02,0.032,0.035
Ethiopia,                Wind ,0,0,0,0,0,0,0,0,0,0,0,0,0,0,0,0,0,0,0,0,0,0,0,0,0,0,0,0,0,0,0,0.029,0.192,0.356,0.499,0.759,0.782,0.533,0.847,0.609,0.608,0.608
Ethiopia,                Biomass and waste ,0,0,0,0,0,0,0,0,0,0,0,0,0,0,0,0,0,0,0,0,0.044,0.045,0.045,0.048,0.049,0.053,0.055,0.044,0.049,0.049,0.06,0.045,0.038,0.036,0.031,0.028,0.028,0.023,0.026,0.03,0.03,0.03
,,,,,,,,,,,,,,,,,,,,,,,,,,,,,,,,,,,,,,,,,,,
Gabon,            Hydroelectricity ,0.257,0.408,0.482,0.541,0.604,0.66,0.665,0.668,0.669,0.693,0.698,0.7,0.708,0.703,0.739,0.783,0.762,0.801,0.804,0.823,0.795,0.869,0.914,0.891,0.884,0.804,0.936,0.793,0.885,0.935,0.898,0.832,0.899,0.927,0.786,0.909,0.943,0.91971,0.89199,0.986598,0.986598,1
Gabon,                Geothermal,0,0,0,0,0,0,0,0,0,0,0,0,0,0,0,0,0,0,0,0,0,0,0,0,0,0,0,0,0,0,0,0,0,0,0,0,0,0,0,0,0,0
Gabon,"                Solar, tide, wave, fuel cell",0,0,0,0,0,0,0,0,0,0,0,0,0,0,0,0,0,0,0,0,0,0,0,0,0,0,0,0,0,0,0,0,0.002,0.002,0.002,0.002,0.002,0.002,0.002,0.002,0.002,0.00244
Gabon,                    Tide and wave ,0,0,0,0,0,0,0,0,0,0,0,0,0,0,0,0,0,0,0,0,0,0,0,0,0,0,0,0,0,0,0,0,0,0,0,0,0,0,0,0,0,0
Gabon,                    Solar ,0,0,0,0,0,0,0,0,0,0,0,0,0,0,0,0,0,0,0,0,0,0,0,0,0,0,0,0,0,0,0,0,0.002,0.002,0.002,0.002,0.002,0.002,0.002,0.002,0.002,0.00244
Gabon,                Wind ,0,0,0,0,0,0,0,0,0,0,0,0,0,0,0,0,0,0,0,0,0,0,0,0,0,0,0,0,0,0,0,0,0,0,0,0,0,0,0,0,0,0
Gabon,                Biomass and waste ,0,0,0,0,0,0,0,0,0,0,0.003,0.008,0.008,0.008,0.009,0.009,0.007,0.007,0.007,0.007,0.007,0.007,0.007,0.007,0.007,0.007,0.007,0.007,0.008,0.009,0.009,0.009,0.009,0.01,0.01,0.01,0.011,0.011,0.011,0.011,0.011,0.011
,,,,,,,,,,,,,,,,,,,,,,,,,,,,,,,,,,,,,,,,,,,
"Gambia, The",            Hydroelectricity ,0,0,0,0,0,0,0,0,0,0,0,0,0,0,0,0,0,0,0,0,0,0,0,0,0,0,0,0,0,0,0,0,0,0,0,0,0,0,0,0,0,0
"Gambia, The",                Geothermal,0,0,0,0,0,0,0,0,0,0,0,0,0,0,0,0,0,0,0,0,0,0,0,0,0,0,0,0,0,0,0,0,0,0,0,0,0,0,0,0,0,0
"Gambia, The","                Solar, tide, wave, fuel cell",0,0,0,0,0,0,0,0,0,0,0,0,0,0,0,0,0,0,0,0,0,0,0,0,0,0.001,0.001,0.002,0.002,0.003,0.003,0.003,0.003,0.003,0.003,0.003,0.003,0.003,0.003,0.003,0.003,0.003
"Gambia, The",                    Tide and wave ,0,0,0,0,0,0,0,0,0,0,0,0,0,0,0,0,0,0,0,0,0,0,0,0,0,0,0,0,0,0,0,0,0,0,0,0,0,0,0,0,0,0
"Gambia, The",                    Solar ,0,0,0,0,0,0,0,0,0,0,0,0,0,0,0,0,0,0,0,0,0,0,0,0,0,0.001,0.001,0.002,0.002,0.003,0.003,0.003,0.003,0.003,0.003,0.003,0.003,0.003,0.003,0.003,0.003,0.003
"Gambia, The",                Wind ,0,0,0,0,0,0,0,0,0,0,0,0,0,0,0,0,0,0,0,0,0,0,0,0,0,0,0,0,0,0.0001,0.0003,0.0006,0.0001,0.0001,0.0001,0.0001,0.0001,0.0001,0.0001,0.0001,0.0001,0.0001
"Gambia, The",                Biomass and waste ,0,0,0,0,0,0,0,0,0,0,0,0,0,0,0,0,0,0,0,0,0,0,0,0,0,0,0,0,0,0,0,0,0,0,0,0,0,0,0,0,0,0
,,,,,,,,,,,,,,,,,,,,,,,,,,,,,,,,,,,,,,,,,,,
Ghana,            Hydroelectricity ,5.276,5.341,4.941,2.55,1.799,2.996,4.389,4.627,4.811,5.178,5.664,6.075,6.536,6.228,6.033,6.036,6.559,6.782,3.792,5.117,6.544,6.543,4.986,3.846,5.228,5.573,5.563,3.69,6.133,6.808,6.926,7.485,7.99,8.151,8.303,5.787,5.505,5.616,6.017,7.2516,7.293,7.21
Ghana,                Geothermal,0,0,0,0,0,0,0,0,0,0,0,0,0,0,0,0,0,0,0,0,0,0,0,0,0,0,0,0,0,0,0,0,0,0,0,0,0,0,0,0,0,0
Ghana,"                Solar, tide, wave, fuel cell",0,0,0,0,0,0,0,0,0,0,0,0,0,0,0,0,0,0,0,0,0,0,0,0,0,0,0,0,0,0,0,0,0,0.003,0.004,0.003,0.027,0.028,0.033,0.051,0.057,0.06
Ghana,                    Tide and wave ,0,0,0,0,0,0,0,0,0,0,0,0,0,0,0,0,0,0,0,0,0,0,0,0,0,0,0,0,0,0,0,0,0,0,0,0,0,0,0,0,0,0
Ghana,                    Solar ,0,0,0,0,0,0,0,0,0,0,0,0,0,0,0,0,0,0,0,0,0,0,0,0,0,0,0,0,0,0,0,0,0,0.003,0.004,0.003,0.027,0.028,0.033,0.051,0.057,0.06
Ghana,                Wind ,0,0,0,0,0,0,0,0,0,0,0,0,0,0,0,0,0,0,0,0,0,0,0,0,0,0,0,0,0,0,0,0,0,0,0,0,0,0,0,0,0,0
Ghana,                Biomass and waste ,0,0,0,0,0,0,0,0,0,0,0,0,0,0,0,0,0,0,0,0,0.014,0.014,0.014,0.014,0.014,0.014,0.01,0.01,0.016,0.016,0.016,0.016,0.016,0.016,0.019,0.019,0.019,0.019,0.02,0.02,0.02,0.02
,,,,,,,,,,,,,,,,,,,,,,,,,,,,,,,,,,,,,,,,,,,
Guinea,            Hydroelectricity ,0.148,0.148,0.148,0.153,0.155,0.161,0.163,0.165,0.168,0.17,0.173,0.176,0.178,0.18,0.182,0.191,0.195,0.285,0.307,0.391,0.406,0.546,0.589,0.396,0.549,0.489,0.456,0.533,0.524,0.517,0.482,0.413,0.486,0.477,0.422,0.881,1.08384,1.212053,0.741024,1.29,2.47,2
Guinea,                Geothermal,0,0,0,0,0,0,0,0,0,0,0,0,0,0,0,0,0,0,0,0,0,0,0,0,0,0,0,0,0,0,0,0,0,0,0,0,0,0,0,0,0,0
Guinea,"                Solar, tide, wave, fuel cell",0,0,0,0,0,0,0,0,0,0,0,0,0,0,0,0,0,0,0,0,0,0,0,0,0,0,0,0,0,0.0009,0.0009,0.0009,0.0009,0.005,0.005,0.021,0.021,0.021,0.021,0.021,0.021,0.021
Guinea,                    Tide and wave ,0,0,0,0,0,0,0,0,0,0,0,0,0,0,0,0,0,0,0,0,0,0,0,0,0,0,0,0,0,0,0,0,0,0,0,0,0,0,0,0,0,0
Guinea,                    Solar ,0,0,0,0,0,0,0,0,0,0,0,0,0,0,0,0,0,0,0,0,0,0,0,0,0,0,0,0,0,0.0009,0.0009,0.0009,0.0009,0.005,0.005,0.021,0.021,0.021,0.021,0.021,0.021,0.021
Guinea,                Wind ,0,0,0,0,0,0,0,0,0,0,0,0,0,0,0,0,0,0,0,0,0,0,0,0,0,0,0,0,0,0,0,0,0,0,0,0,0,0,0,0,0,0
Guinea,                Biomass and waste ,0,0,0,0,0,0,0,0,0,0,0,0,0,0,0,0,0,0,0,0,0,0,0,0,0,0,0,0,0,0,0,0,0,0,0,0,0,0,0,0,0,0
,,,,,,,,,,,,,,,,,,,,,,,,,,,,,,,,,,,,,,,,,,,
Guinea-Bissau,            Hydroelectricity ,0,0,0,0,0,0,0,0,0,0,0,0,0,0,0,0,0,0,0,0,0,0,0,0,0,0,0,0,0,0,0,0,0,0,0,0,0,0,0,0,0,0
Guinea-Bissau,                Geothermal,0,0,0,0,0,0,0,0,0,0,0,0,0,0,0,0,0,0,0,0,0,0,0,0,0,0,0,0,0,0,0,0,0,0,0,0,0,0,0,0,0,0
Guinea-Bissau,"                Solar, tide, wave, fuel cell",0,0,0,0,0,0,0,0,0,0,0,0,0,0,0,0,0,0,0,0,0,0,0,0,0,0,0,0,0,0,0,0,0,0,0.0003,0.001,0.001,0.001,0.002,0.002,0.002,0.002
Guinea-Bissau,                    Tide and wave ,0,0,0,0,0,0,0,0,0,0,0,0,0,0,0,0,0,0,0,0,0,0,0,0,0,0,0,0,0,0,0,0,0,0,0,0,0,0,0,0,0,0
Guinea-Bissau,                    Solar ,0,0,0,0,0,0,0,0,0,0,0,0,0,0,0,0,0,0,0,0,0,0,0,0,0,0,0,0,0,0,0,0,0,0,0.0003,0.001,0.001,0.001,0.002,0.002,0.002,0.002
Guinea-Bissau,                Wind ,0,0,0,0,0,0,0,0,0,0,0,0,0,0,0,0,0,0,0,0,0,0,0,0,0,0,0,0,0,0,0,0,0,0,0,0,0,0,0,0,0,0
Guinea-Bissau,                Biomass and waste ,0,0,0,0,0,0,0,0,0,0,0,0,0,0,0,0,0,0,0,0,0,0,0,0,0,0,0,0,0,0,0,0,0,0,0,0,0,0,0,0,0,0
,,,,,,,,,,,,,,,,,,,,,,,,,,,,,,,,,,,,,,,,,,,
Kenya,            Hydroelectricity ,1.049,1.367,1.382,1.463,1.475,1.663,1.718,1.794,2.299,2.443,2.51163,2.742,2.768,2.96307,3.037,3.131,3.32,3.226,3.241,2.411,1.312,2.379,3.088,3.227,2.84,2.996,3.245,3.453,2.821,2.148,3.393,3.416,4.256,3.906,3.277,3.749,3.308,3.174,3.9864,3.2053,4.2327,4
Kenya,                Geothermal,0,0.037,0.091,0.248,0.22,0.318,0.368,0.359,0.323,0.323,0.326,0.297,0.272,0.272,0.261,0.39,0.393,0.366,0.39,0.383,0.429,0.48,0.386,0.787,1.035,1.003,1.012,1.02,1.179,1.339,1.453,1.498,1.579,1.906,3.206,4.481,4.689,4.871,5.169,5.235,5.06,5.123
Kenya,"                Solar, tide, wave, fuel cell",0,0,0,0,0,0,0,0,0,0,0,0,0,0,0,0,0,0,0,0,0,0,0,0,0,0,0,0,0,0,0.003,0.006,0.012,0.027,0.049,0.05,0.06,0.073,0.09,0.092,0.088,0.1
Kenya,                    Tide and wave ,0,0,0,0,0,0,0,0,0,0,0,0,0,0,0,0,0,0,0,0,0,0,0,0,0,0,0,0,0,0,0,0,0,0,0,0,0,0,0,0,0,0
Kenya,                    Solar ,0,0,0,0,0,0,0,0,0,0,0,0,0,0,0,0,0,0,0,0,0,0,0,0,0,0,0,0,0,0,0.003,0.006,0.012,0.027,0.049,0.05,0.06,0.073,0.09,0.092,0.088,0.1
Kenya,                Wind ,0,0,0,0,0,0,0,0,0,0,0,0,0,0,0,0,0,0,0,0,0,0,0,0,0,0.001,0.001,0.001,0.001,0.007,0.017,0.018,0.014,0.015,0.017,0.06,0.056,0.061,0.375,1.563,1.331,1.512999188
Kenya,                Biomass and waste ,0.133,0.1387,0.1444,0.14915,0.15485,0.16055,0.1672,0.1729,0.1786,0.18525,0.201,0.207,0.214,0.22,0.122,0.122,0.122,0.122,0.122,0.122,0.316,0.316,0.316,0.316,0.316,0.316,0.316,0.316,0.126,0.221,0.209,0.222,0.287,0.261,0.199,0.202,0.194,0.152,0.163,0.148,0.147,0.148171495
,,,,,,,,,,,,,,,,,,,,,,,,,,,,,,,,,,,,,,,,,,,
Lesotho,            Hydroelectricity ,0,0,0,0,0,0,0,0,0,0,0,0,0,0,0,0,0,0,0,0.195,0.288,0.285,0.314,0.325,0.297,0.459,0.525,0.554,0.584,0.648,0.694,0.49,0.486,0.515,0.52,0.53219,0.522028,0.538674,0.538674,0.5,0.5,0.5
Lesotho,                Geothermal,0,0,0,0,0,0,0,0,0,0,0,0,0,0,0,0,0,0,0,0,0,0,0,0,0,0,0,0,0,0,0,0,0,0,0,0,0,0,0,0,0,0
Lesotho,"                Solar, tide, wave, fuel cell",0,0,0,0,0,0,0,0,0,0,0,0,0,0,0,0,0,0,0,0,0,0,0,0,0,0,0,0,0,0,0,0,0,0,0.001,0.001,0.001,0.001,0.001,0.001,0.001,0.00122
Lesotho,                    Tide and wave ,0,0,0,0,0,0,0,0,0,0,0,0,0,0,0,0,0,0,0,0,0,0,0,0,0,0,0,0,0,0,0,0,0,0,0,0,0,0,0,0,0,0
Lesotho,                    Solar ,0,0,0,0,0,0,0,0,0,0,0,0,0,0,0,0,0,0,0,0,0,0,0,0,0,0,0,0,0,0,0,0,0,0,0.001,0.001,0.001,0.001,0.001,0.001,0.001,0.00122
Lesotho,                Wind ,0,0,0,0,0,0,0,0,0,0,0,0,0,0,0,0,0,0,0,0,0,0,0,0,0,0,0,0,0,0,0,0,0,0,0,0,0,0,0,0,0,0
Lesotho,                Biomass and waste ,0,0,0,0,0,0,0,0,0,0,0,0,0,0,0,0,0,0,0,0,0,0,0,0,0,0,0,0,0,0,0,0,0,0,0,0,0,0,0,0,0,0
,,,,,,,,,,,,,,,,,,,,,,,,,,,,,,,,,,,,,,,,,,,
Liberia,            Hydroelectricity ,0.331,0.314,0.328,0.32,0.223,0.259,0.315,0.316,0.321,0.311,0,0,0,0,0,0,0,0,0,0,0,0,0,0,0,0,0,0,0,0,0,0,0,0,0,0,0,0,0,0,0.53,0.53
Liberia,                Geothermal,0,0,0,0,0,0,0,0,0,0,0,0,0,0,0,0,0,0,0,0,0,0,0,0,0,0,0,0,0,0,0,0,0,0,0,0,0,0,0,0,0,0
Liberia,"                Solar, tide, wave, fuel cell",0,0,0,0,0,0,0,0,0,0,0,0,0,0,0,0,0,0,0,0,0,0,0,0,0,0,0,0,0,0,0,0,0,0,0,0,0,0.003,0.004,0.004,0.004,0.004
Liberia,                    Tide and wave ,0,0,0,0,0,0,0,0,0,0,0,0,0,0,0,0,0,0,0,0,0,0,0,0,0,0,0,0,0,0,0,0,0,0,0,0,0,0,0,0,0,0
Liberia,                    Solar ,0,0,0,0,0,0,0,0,0,0,0,0,0,0,0,0,0,0,0,0,0,0,0,0,0,0,0,0,0,0,0,0,0,0,0,0,0,0.003,0.004,0.004,0.004,0.004
Liberia,                Wind ,0,0,0,0,0,0,0,0,0,0,0,0,0,0,0,0,0,0,0,0,0,0,0,0,0,0,0,0,0,0,0,0,0,0,0,0,0,0,0,0,0,0
Liberia,                Biomass and waste ,0,0,0,0,0,0,0,0,0,0,0,0,0,0,0,0,0,0,0,0,0,0,0,0,0,0,0,0,0,0,0,0,0,0,0,0,0,0,0,0,0,0
,,,,,,,,,,,,,,,,,,,,,,,,,,,,,,,,,,,,,,,,,,,
Libya,            Hydroelectricity ,0,0,0,0,0,0,0,0,0,0,0,0,0,0,0,0,0,0,0,0,0,0,0,0,0,0,0,0,0,0,0,0,0,0,0,0,0,0,0,0,0,0
Libya,                Geothermal,0,0,0,0,0,0,0,0,0,0,0,0,0,0,0,0,0,0,0,0,0,0,0,0,0,0,0,0,0,0,0,0,0,0,0,0,0,0,0,0,0,0
Libya,"                Solar, tide, wave, fuel cell",0,0,0,0,0,0,0,0,0,0,0,0,0,0,0,0,0,0,0,0,0,0,0,0,0,0,0,0,0,0,0.006,0.006,0.007,0.008,0.008,0.008,0.008,0.008,0.008,0.008,0.008,0.008
Libya,                    Tide and wave ,0,0,0,0,0,0,0,0,0,0,0,0,0,0,0,0,0,0,0,0,0,0,0,0,0,0,0,0,0,0,0,0,0,0,0,0,0,0,0,0,0,0
Libya,                    Solar ,0,0,0,0,0,0,0,0,0,0,0,0,0,0,0,0,0,0,0,0,0,0,0,0,0,0,0,0,0,0,0.006,0.006,0.007,0.008,0.008,0.008,0.008,0.008,0.008,0.008,0.008,0.008
Libya,                Wind ,0,0,0,0,0,0,0,0,0,0,0,0,0,0,0,0,0,0,0,0,0,0,0,0,0,0,0,0,0,0,0,0,0,0,0,0,0,0,0,0,0,0
Libya,                Biomass and waste ,0,0,0,0,0,0,0,0,0,0,0,0,0,0,0,0,0,0,0,0,0,0,0,0,0,0,0,0,0,0,0,0,0,0,0,0,0,0,0,0,0,0
,,,,,,,,,,,,,,,,,,,,,,,,,,,,,,,,,,,,,,,,,,,
Madagascar,            Hydroelectricity ,0.146,0.152,0.226,0.245,0.252,0.255,0.266,0.286,0.3,0.314,0.338,0.332,0.342,0.344,0.347,0.369,0.421,0.45,0.5,0.515,0.54,0.528,0.535,0.604,0.634,0.641,0.631,0.712,0.692,0.734,0.704,0.6831,0.74745,0.80091,0.87516,0.92664,0.8811,0.78111,0.95832,0.889937,0.664287,0.7
Madagascar,                Geothermal,0,0,0,0,0,0,0,0,0,0,0,0,0,0,0,0,0,0,0,0,0,0,0,0,0,0,0,0,0,0,0,0,0,0,0,0,0,0,0,0,0,0
Madagascar,"                Solar, tide, wave, fuel cell",0,0,0,0,0,0,0,0,0,0,0,0,0,0,0,0,0,0,0,0,0,0,0,0,0,0,0,0,0,0,0.003,0.003,0.005,0.009,0.012,0.016,0.019,0.023,0.023,0.023,0.023,0.023
Madagascar,                    Tide and wave ,0,0,0,0,0,0,0,0,0,0,0,0,0,0,0,0,0,0,0,0,0,0,0,0,0,0,0,0,0,0,0,0,0,0,0,0,0,0,0,0,0,0
Madagascar,                    Solar ,0,0,0,0,0,0,0,0,0,0,0,0,0,0,0,0,0,0,0,0,0,0,0,0,0,0,0,0,0,0,0.003,0.003,0.005,0.009,0.012,0.016,0.019,0.023,0.023,0.023,0.023,0.023
Madagascar,                Wind ,0,0,0,0,0,0,0,0,0,0,0,0,0,0,0,0,0,0,0,0,0,0,0,0,0,0,0,0,0,0,0.00045,0.00047,0.00047,0.00047,0.00047,0.00047,0.00047,0.00047,0.00047,0.00047,0.00047,0.00047
Madagascar,                Biomass and waste ,0,0,0,0,0,0,0,0,0,0,0,0,0,0,0,0,0,0,0,0,0,0,0,0,0,0,0,0,0,0,0.012,0.015,0.015,0.017,0.02,0.015,0.02,0.02,0.02,0.02,0.02,0.02
,,,,,,,,,,,,,,,,,,,,,,,,,,,,,,,,,,,,,,,,,,,
Mali,            Hydroelectricity ,0.083,0.082,0.105,0.122,0.133,0.133,0.158,0.16,0.166,0.168,0.181,0.182,0.208,0.218,0.22,0.223,0.21,0.227,0.23,0.23,0.233,0.234,0.236,0.234,0.248,0.447,0.479,0.471,0.572,0.672,1.09692,1.14543,1.23948,1.11375,1.38204,1.12365,1.48302,1.48302,1.36323,0.95,0.95,1
Mali,                Geothermal,0,0,0,0,0,0,0,0,0,0,0,0,0,0,0,0,0,0,0,0,0,0,0,0,0,0,0,0,0,0,0,0,0,0,0,0,0,0,0,0,0,0
Mali,"                Solar, tide, wave, fuel cell",0,0,0,0,0,0,0,0,0,0,0,0,0,0,0,0,0,0,0,0,0,0,0,0,0,0,0,0,0,0,0.01,0.016,0.026,0.026,0.026,0.028,0.029,0.031,0.031,0.031,0.032,0.033
Mali,                    Tide and wave ,0,0,0,0,0,0,0,0,0,0,0,0,0,0,0,0,0,0,0,0,0,0,0,0,0,0,0,0,0,0,0,0,0,0,0,0,0,0,0,0,0,0
Mali,                    Solar ,0,0,0,0,0,0,0,0,0,0,0,0,0,0,0,0,0,0,0,0,0,0,0,0,0,0,0,0,0,0,0.01,0.016,0.026,0.026,0.026,0.028,0.029,0.031,0.031,0.031,0.032,0.033
Mali,                Wind ,0,0,0,0,0,0,0,0,0,0,0,0,0,0,0,0,0,0,0,0,0,0,0,0,0,0,0,0,0,0,0,0,0,0,0,0,0,0,0,0,0,0
Mali,                Biomass and waste ,0,0,0,0,0,0,0,0,0,0,0,0,0,0,0,0,0,0,0,0,0,0,0,0,0,0,0,0,0,0,0.052,0.052,0.052,0.052,0.052,0.052,0.052,0.054,0.06,0.063,0.06,0.06
,,,,,,,,,,,,,,,,,,,,,,,,,,,,,,,,,,,,,,,,,,,
Mauritania,            Hydroelectricity ,0.025,0.03,0.038,0.039,0.036,0.031,0.018,0.025,0.025,0.025,0.025,0.025,0.026,0.026,0.028,0.028,0.028,0.03,0.028,0.03,0.032,0.034,0.034,0.041,0.044,0.049,0.051,0.054,0.06,0.11,0.116,0.13,0.135,0.17,0.18,0.19,0.13,0.174,0.19,0.2,0.21,0.21
Mauritania,                Geothermal,0,0,0,0,0,0,0,0,0,0,0,0,0,0,0,0,0,0,0,0,0,0,0,0,0,0,0,0,0,0,0,0,0,0,0,0,0,0,0,0,0,0
Mauritania,"                Solar, tide, wave, fuel cell",0,0,0,0,0,0,0,0,0,0,0,0,0,0,0,0,0,0,0,0,0,0,0,0,0,0,0,0,0,0,0,0,0,0.026,0.03,0.026,0.059,0.061,0.139,0.14,0.14,0.14
Mauritania,                    Tide and wave ,0,0,0,0,0,0,0,0,0,0,0,0,0,0,0,0,0,0,0,0,0,0,0,0,0,0,0,0,0,0,0,0,0,0,0,0,0,0,0,0,0,0
Mauritania,                    Solar ,0,0,0,0,0,0,0,0,0,0,0,0,0,0,0,0,0,0,0,0,0,0,0,0,0,0,0,0,0,0,0,0,0,0.026,0.03,0.026,0.059,0.061,0.139,0.14,0.14,0.14
Mauritania,                Wind ,0,0,0,0,0,0,0,0,0,0,0,0,0,0,0,0,0,0,0,0,0,0,0,0,0,0,0,0,0,0,0,0,0.001,0.013,0.013,0.1043,0.1043,0.1043,0.1043,0.115,0.131,0.148912768
Mauritania,                Biomass and waste ,0,0,0,0,0,0,0,0,0,0,0,0,0,0,0,0,0,0,0,0,0,0,0,0,0,0,0,0,0,0,0,0,0,0,0,0,0,0,0,0,0,0
,,,,,,,,,,,,,,,,,,,,,,,,,,,,,,,,,,,,,,,,,,,
Mauritius,            Hydroelectricity ,0.082,0.059,0.093,0.035,0.065,0.114,0.109,0.139,0.099,0.147,0.084,0.074,0.112,0.103,0.075,0.134,0.102,0.092,0.104,0.03,0.095,0.07,0.085,0.117,0.121,0.113,0.07587,0.08302,0.107,0.121,0.1,0.055,0.073,0.094,0.09,0.121,0.099,0.089,0.12375,0.1,0.1,0.1
Mauritius,                Geothermal,0,0,0,0,0,0,0,0,0,0,0,0,0,0,0,0,0,0,0,0,0,0,0,0,0,0,0,0,0,0,0,0,0,0,0,0,0,0,0,0,0,0
Mauritius,"                Solar, tide, wave, fuel cell",0,0,0,0,0,0,0,0,0,0,0,0,0,0,0,0,0,0,0,0,0,0,0,0,0,0,0,0,0,0,0,0,0.001,0.003,0.025,0.026,0.03,0.039,0.049,0.129,0.146,0.16
Mauritius,                    Tide and wave ,0,0,0,0,0,0,0,0,0,0,0,0,0,0,0,0,0,0,0,0,0,0,0,0,0,0,0,0,0,0,0,0,0,0,0,0,0,0,0,0,0,0
Mauritius,                    Solar ,0,0,0,0,0,0,0,0,0,0,0,0,0,0,0,0,0,0,0,0,0,0,0,0,0,0,0,0,0,0,0,0,0.001,0.003,0.025,0.026,0.03,0.039,0.049,0.129,0.146,0.16
Mauritius,                Wind ,0,0,0,0,0,0,0,0,0,0,0,0,0,0,0,0,0,0,0,0,0,0,0,0,0.0004,0.0004,0.0004,0.0004,0.0004,0.002,0.003,0.003,0.004,0.004,0.003,0.003,0.018,0.015,0.015,0.015,0.018,0.018
Mauritius,                Biomass and waste ,0,0,0,0,0,0,0,0,0,0,0,0,0,0,0,0,0,0,0,0.28,0.41,0.45,0.43,0.43,0.45,0.43,0.42,0.44,0.486,0.485,0.55,0.493,0.488,0.493,0.4778,0.53,0.516,0.48,0.46,0.46,0.409,0.412259465
,,,,,,,,,,,,,,,,,,,,,,,,,,,,,,,,,,,,,,,,,,,
Morocco,            Hydroelectricity ,1.487,1.031,0.576,0.476,0.362,0.465,0.625,0.825,0.926,1.145,1.184,1.234,0.954,0.439,0.831,0.605,1.937,2.062,1.759,0.817,0.711,0.862,0.842,1.441,1.592,0.969,0.988,0.906,0.92,2.542,3.433,1.986,1.615,2.757,1.621,1.866,1.242,1.173,1.67706,1.262781,0.867637,1.212652
Morocco,                Geothermal,0,0,0,0,0,0,0,0,0,0,0,0,0,0,0,0,0,0,0,0,0,0,0,0,0,0,0,0,0,0,0,0,0,0,0,0,0,0,0,0,0,0
Morocco,"                Solar, tide, wave, fuel cell",0,0,0,0,0,0,0,0,0,0,0,0,0,0,0,0,0,0,0,0,0,0,0.0001,0.0001,0.0001,0.0001,0.0001,0.0001,0.0001,0.0001,0.0001,0.0001,0.057,0.057,0.063,0.028,0.427,0.445,0.95,1.581,1.52,1.821
Morocco,                    Tide and wave ,0,0,0,0,0,0,0,0,0,0,0,0,0,0,0,0,0,0,0,0,0,0,0,0,0,0,0,0,0,0,0,0,0,0,0,0,0,0,0,0,0,0
Morocco,                    Solar ,0,0,0,0,0,0,0,0,0,0,0,0,0,0,0,0,0,0,0,0,0,0,0.0001,0.0001,0.0001,0.0001,0.0001,0.0001,0.0001,0.0001,0.0001,0.0001,0.057,0.057,0.063,0.028,0.427,0.445,0.95,1.581,1.52,1.821
Morocco,                Wind ,0,0,0,0,0,0,0,0,0,0,0,0,0,0,0,0,0,0,0,0,0.064,0.206,0.194,0.203,0.199,0.206,0.183,0.279,0.298,0.391,0.659,0.692,0.728,1.356,1.924,2.519,3.015,3.035,3.863,4.723,4.592,5.107
Morocco,                Biomass and waste ,0,0,0,0,0,0,0,0,0,0,0,0,0,0,0,0,0,0,0,0,0,0,0,0,0,0,0,0,0,0,0,0,0.005,0.005,0.005414,0.005414,0.011,0.04,0.04,0.04,0.04,0.04
,,,,,,,,,,,,,,,,,,,,,,,,,,,,,,,,,,,,,,,,,,,
Mozambique,            Hydroelectricity ,13.409,3.315,2.959,5.01,0.552,0.149,0.038,0.024,0.049,0.05,0.281,0.32,0.322,0.341,0.362,0.375,0.445,0.967,1.487,7.606,9.555,11.723,12.547,10.761,11.551,13.131,14.57,15.902,14.963,16.781,16.481,16.642,14.994,14.401,16.013,17.035,15.453,13.92,13.78179,14.929619,15.70334,16
Mozambique,                Geothermal,0,0,0,0,0,0,0,0,0,0,0,0,0,0,0,0,0,0,0,0,0,0,0,0,0,0,0,0,0,0,0,0,0,0,0,0,0,0,0,0,0,0
Mozambique,"                Solar, tide, wave, fuel cell",0,0,0,0,0,0,0,0,0,0,0,0,0,0,0,0,0,0,0,0,0,0,0,0,0,0,0,0,0,0,0,0,0.0001,0.0004,0.001,0.002,0.002,0.002,0.002,0.002,0.031,0.07
Mozambique,                    Tide and wave ,0,0,0,0,0,0,0,0,0,0,0,0,0,0,0,0,0,0,0,0,0,0,0,0,0,0,0,0,0,0,0,0,0,0,0,0,0,0,0,0,0,0
Mozambique,                    Solar ,0,0,0,0,0,0,0,0,0,0,0,0,0,0,0,0,0,0,0,0,0,0,0,0,0,0,0,0,0,0,0,0,0.0001,0.0004,0.001,0.002,0.002,0.002,0.002,0.002,0.031,0.07
Mozambique,                Wind ,0,0,0,0,0,0,0,0,0,0,0,0,0,0,0,0,0,0,0,0,0,0,0,0,0,0,0,0,0,0,0,0,0,0,0,0,0,0,0,0,0,0
Mozambique,                Biomass and waste ,0,0,0,0,0,0,0,0,0,0,0,0,0,0,0,0,0,0,0,0,0.008,0.014,0.032,0.039,0.038,0.045,0.041,0.041,0.049,0.044,0.054,0.068,0.068,0.063,0.072,0.12,0.121,0.118,0.118,0.106,0.115,0.12
,,,,,,,,,,,,,,,,,,,,,,,,,,,,,,,,,,,,,,,,,,,
Namibia,            Hydroelectricity ,--,--,--,--,--,--,--,--,--,--,0,0,0,0,0,1.12,0.845,0.604,0.982,1.157,1.366,1.356,1.446,1.497,1.586,1.641,1.59,1.56,1.476,1.395,1.235,1.39,1.591,1.259,1.47,1.487,1.345,1.577,1.13256,0.954,1.505,1.1
Namibia,                Geothermal,--,--,--,--,--,--,--,--,--,--,0,0,0,0,0,0,0,0,0,0,0,0,0,0,0,0,0,0,0,0,0,0,0,0,0,0,0,0,0,0,0,0
Namibia,"                Solar, tide, wave, fuel cell",--,--,--,--,--,--,--,--,--,--,0,0,0,0,0,0,0,0,0,0,0,0,0,0,0,0,0,0,0,0,0.007,0.008,0.014,0.022,0.029,0.039,0.057,0.1,0.238,0.348,0.369,0.38
Namibia,                    Tide and wave ,--,--,--,--,--,--,--,--,--,--,0,0,0,0,0,0,0,0,0,0,0,0,0,0,0,0,0,0,0,0,0,0,0,0,0,0,0,0,0,0,0,0
Namibia,                    Solar ,--,--,--,--,--,--,--,--,--,--,0,0,0,0,0,0,0,0,0,0,0,0,0,0,0,0,0,0,0,0,0.007,0.008,0.014,0.022,0.029,0.039,0.057,0.1,0.238,0.348,0.369,0.38
Namibia,                Wind ,--,--,--,--,--,--,--,--,--,--,0,0,0,0,0,0,0,0,0,0,0,0,0,0,0,0,0.001,0.001,0.001,0.001,0.001,0.001,0.001,0.001,0.001,0.001,0.001,0.005,0.018,0.018,0.018,0.018
Namibia,                Biomass and waste ,--,--,--,--,--,--,--,--,--,--,0,0,0,0,0,0,0,0,0,0,0,0,0,0,0,0,0,0,0,0,0,0,0,0,0,0,0,0,0,0,0,0
,,,,,,,,,,,,,,,,,,,,,,,,,,,,,,,,,,,,,,,,,,,
Niger,            Hydroelectricity ,0,0,0,0,0,0,0,0,0,0,0,0,0,0,0,0,0,0,0,0,0,0,0,0,0,0,0,0,0,0,0,0,0,0,0,0,0,0,0,0,0,0
Niger,                Geothermal,0,0,0,0,0,0,0,0,0,0,0,0,0,0,0,0,0,0,0,0,0,0,0,0,0,0,0,0,0,0,0,0,0,0,0,0,0,0,0,0,0,0
Niger,"                Solar, tide, wave, fuel cell",0,0,0,0,0,0,0,0,0,0,0,0,0,0,0,0,0,0,0,0,0,0,0,0,0,0,0,0,0,0,0,0,0.007,0.008,0.01,0.011,0.013,0.015,0.046,0.046,0.046,0.046
Niger,                    Tide and wave ,0,0,0,0,0,0,0,0,0,0,0,0,0,0,0,0,0,0,0,0,0,0,0,0,0,0,0,0,0,0,0,0,0,0,0,0,0,0,0,0,0,0
Niger,                    Solar ,0,0,0,0,0,0,0,0,0,0,0,0,0,0,0,0,0,0,0,0,0,0,0,0,0,0,0,0,0,0,0,0,0.007,0.008,0.01,0.011,0.013,0.015,0.046,0.046,0.046,0.046
Niger,                Wind ,0,0,0,0,0,0,0,0,0,0,0,0,0,0,0,0,0,0,0,0,0,0,0,0,0,0,0,0,0,0,0,0,0,0,0,0,0,0,0,0,0,0
Niger,                Biomass and waste ,0,0,0,0,0,0,0,0,0,0,0,0,0,0,0,0,0,0,0,0,0,0,0,0,0,0,0,0,0,0,0,0,0,0,0,0,0,0,0,0,0,0
,,,,,,,,,,,,,,,,,,,,,,,,,,,,,,,,,,,,,,,,,,,
Nigeria,            Hydroelectricity ,2.724,2.291,2.394,1.856,2.569,2.978,3.594,3.251,3.968,4.099,4.343,5.871,5.998,5.516,5.506,5.445,5.445,5.537,5.717,6.088,5.686,5.85,8.152,7.374,8.027,7.69,6.2,6.165,5.664,4.484,6.31,5.824,5.602,5.273,5.293,5.66379,8.06949,7.66953,7.6917,8.430051,7.686476,8
Nigeria,                Geothermal,0,0,0,0,0,0,0,0,0,0,0,0,0,0,0,0,0,0,0,0,0,0,0,0,0,0,0,0,0,0,0,0,0,0,0,0,0,0,0,0,0,0
Nigeria,"                Solar, tide, wave, fuel cell",0,0,0,0,0,0,0,0,0,0,0,0,0,0,0,0,0,0,0,0,0,0,0,0,0,0,0,0,0,0,0,0,0.022,0.023,0.023,0.025,0.027,0.028,0.028,0.041,0.042,0.045
Nigeria,                    Tide and wave ,0,0,0,0,0,0,0,0,0,0,0,0,0,0,0,0,0,0,0,0,0,0,0,0,0,0,0,0,0,0,0,0,0,0,0,0,0,0,0,0,0,0
Nigeria,                    Solar ,0,0,0,0,0,0,0,0,0,0,0,0,0,0,0,0,0,0,0,0,0,0,0,0,0,0,0,0,0,0,0,0,0.022,0.023,0.023,0.025,0.027,0.028,0.028,0.041,0.042,0.045
Nigeria,                Wind ,0,0,0,0,0,0,0,0,0,0,0,0,0,0,0,0,0,0,0,0,0,0,0,0,0,0,0,0,0,0,0,0,0,0,0,0,0,0,0,0,0,0
Nigeria,                Biomass and waste ,0,0,0,0,0,0,0,0,0,0,0,0,0,0,0,0,0,0,0,0,0.013,0.013,0.013,0.013,0.013,0.013,0.013,0.013,0.013,0.013,0.015,0.015,0.015,0.019,0.022,0.022,0.025,0.021,0.021,0.021,0.021,0.021
,,,,,,,,,,,,,,,,,,,,,,,,,,,,,,,,,,,,,,,,,,,
Rwanda,            Hydroelectricity ,0.111,0.103,0.133,0.151,0.161,0.162,0.149,0.164,0.167,0.171,0.165,0.163,0.17,0.153,0.156,0.158,0.14,0.16,0.16,0.127,0.11,0.088,0.097,0.116,0.083,0.065,0.038,0.042,0.068,0.098,0.11,0.13,0.135,0.147,0.203,0.282,0.275,0.325,0.310113,0.402871,0.527112,0.45
Rwanda,                Geothermal,0,0,0,0,0,0,0,0,0,0,0,0,0,0,0,0,0,0,0,0,0,0,0,0,0,0,0,0,0,0,0,0,0,0,0,0,0,0,0,0,0,0
Rwanda,"                Solar, tide, wave, fuel cell",0,0,0,0,0,0,0,0,0,0,0,0,0,0,0,0,0,0,0,0,0,0,0,0,0,0,0,0.0002,0.0002,0.0002,0.0002,0.0002,0.001,0.001,0.007,0.021,0.03,0.037,0.054,0.056,0.056,0.056
Rwanda,                    Tide and wave ,0,0,0,0,0,0,0,0,0,0,0,0,0,0,0,0,0,0,0,0,0,0,0,0,0,0,0,0,0,0,0,0,0,0,0,0,0,0,0,0,0,0
Rwanda,                    Solar ,0,0,0,0,0,0,0,0,0,0,0,0,0,0,0,0,0,0,0,0,0,0,0,0,0,0,0,0.0002,0.0002,0.0002,0.0002,0.0002,0.001,0.001,0.007,0.021,0.03,0.037,0.054,0.056,0.056,0.056
Rwanda,                Wind ,0,0,0,0,0,0,0,0,0,0,0,0,0,0,0,0,0,0,0,0,0,0,0,0,0,0,0,0,0,0,0,0,0,0,0,0,0,0,0,0,0,0
Rwanda,                Biomass and waste ,0,0,0,0,0,0,0,0,0,0,0,0,0,0,0,0,0,0,0,0,0.001,0.001,0.001,0.001,0.001,0.001,0.001,0.001,0.001,0.002,0.002,0.002,0.002,0.002,0.002,0.002,0.002,0.002,0.002329,0.002,0.002,0.002
,,,,,,,,,,,,,,,,,,,,,,,,,,,,,,,,,,,,,,,,,,,
Sao Tome and Principe,            Hydroelectricity ,0.007,0.007,0.008,0.006,0.008,0.008,0.007,0.008,0.008,0.008,0.008,0.008,0.008,0.008,0.008,0.008,0.008,0.008,0.007,0.009,0.01,0.004,0.006,0.007,0.006,0.004,0.008,0.01,0.008,0.007,0.005,0.006,0.006,0.006,0.006,0.008,0.007,0.007,0.007,0.01,0.01,0.01
Sao Tome and Principe,                Geothermal,0,0,0,0,0,0,0,0,0,0,0,0,0,0,0,0,0,0,0,0,0,0,0,0,0,0,0,0,0,0,0,0,0,0,0,0,0,0,0,0,0,0
Sao Tome and Principe,"                Solar, tide, wave, fuel cell",0,0,0,0,0,0,0,0,0,0,0,0,0,0,0,0,0,0,0,0,0,0,0,0,0,0,0,0,0,0,0,0,0,0,0,0,0,0,0,0,0,0
Sao Tome and Principe,                    Tide and wave ,0,0,0,0,0,0,0,0,0,0,0,0,0,0,0,0,0,0,0,0,0,0,0,0,0,0,0,0,0,0,0,0,0,0,0,0,0,0,0,0,0,0
Sao Tome and Principe,                    Solar ,0,0,0,0,0,0,0,0,0,0,0,0,0,0,0,0,0,0,0,0,0,0,0,0,0,0,0,0,0,0,0,0,0,0,0,0,0,0,0,0,0,0
Sao Tome and Principe,                Wind ,0,0,0,0,0,0,0,0,0,0,0,0,0,0,0,0,0,0,0,0,0,0,0,0,0,0,0,0,0,0,0,0,0,0,0,0,0,0,0,0,0,0
Sao Tome and Principe,                Biomass and waste ,0,0,0,0,0,0,0,0,0,0,0,0,0,0,0,0,0,0,0,0,0,0,0,0,0,0,0,0,0,0,0,0,0,0,0,0,0,0,0,0,0,0
,,,,,,,,,,,,,,,,,,,,,,,,,,,,,,,,,,,,,,,,,,,
Senegal,            Hydroelectricity ,0,0,0,0,0,0,0,0,0,0,0,0,0,0,0,0,0,0,0,0,0,0,0.192,0.334,0.29,0.264,0.232,0.179,0.227,0.237,0.25,0.254,0.287,0.305,0.315,0.33,0.356,0.3564,0.3564,0.31,0.31,0.31
Senegal,                Geothermal,0,0,0,0,0,0,0,0,0,0,0,0,0,0,0,0,0,0,0,0,0,0,0,0,0,0,0,0,0,0,0,0,0,0,0,0,0,0,0,0,0,0
Senegal,"                Solar, tide, wave, fuel cell",0,0,0,0,0,0,0,0,0,0,0,0,0,0,0,0,0,0,0,0,0.002,0.002,0.002,0.002,0.003,0.004,0.004,0.002,0.002,0.003,0.003,0.003,0.01,0.012,0.016,0.016,0.015,0.098,0.227,0.291,0.385,0.4697
Senegal,                    Tide and wave ,0,0,0,0,0,0,0,0,0,0,0,0,0,0,0,0,0,0,0,0,0,0,0,0,0,0,0,0,0,0,0,0,0,0,0,0,0,0,0,0,0,0
Senegal,                    Solar ,0,0,0,0,0,0,0,0,0,0,0,0,0,0,0,0,0,0,0,0,0.002,0.002,0.002,0.002,0.003,0.004,0.004,0.002,0.002,0.003,0.003,0.003,0.01,0.012,0.016,0.016,0.015,0.098,0.227,0.291,0.385,0.4697
Senegal,                Wind ,0,0,0,0,0,0,0,0,0,0,0,0,0,0,0,0,0,0,0,0,0,0,0,0,0,0,0,0,0,0,0,0,0,0,0,0,0,0,0,0.023,0.217,0.246672294
Senegal,                Biomass and waste ,0,0,0,0,0,0,0,0,0,0,0.044,0.044,0.044,0.045,0.045,0.046,0.047,0.048,0.049,0.05,0.051,0.06,0.068,0.054,0.042,0.051,0.05,0.038,0.041,0.05,0.068,0.06,0.053,0.046,0.041,0.052,0.058,0.077,0.089,0.118,0.112,0.11
,,,,,,,,,,,,,,,,,,,,,,,,,,,,,,,,,,,,,,,,,,,
Sierra Leone,            Hydroelectricity ,0,0,0,0,0,0,0,0,0,0,0,0,0,0,0,0,0,0,0,0,0.015,0.015,0.016,0.016,0.016,0.018,0.004,0.018,0.018,0.018,0.123,0.15,0.116,0.104,0.117,0.124,0.126,0.13,0.17,0.18,0.18,0.18
Sierra Leone,                Geothermal,0,0,0,0,0,0,0,0,0,0,0,0,0,0,0,0,0,0,0,0,0,0,0,0,0,0,0,0,0,0,0,0,0,0,0,0,0,0,0,0,0,0
Sierra Leone,"                Solar, tide, wave, fuel cell",0,0,0,0,0,0,0,0,0,0,0,0,0,0,0,0,0,0,0,0,0,0,0,0,0,0,0,0,0,0,0,0,0,0.001,0.001,0.001,0.001,0.006,0.006,0.006,0.006,0.006
Sierra Leone,                    Tide and wave ,0,0,0,0,0,0,0,0,0,0,0,0,0,0,0,0,0,0,0,0,0,0,0,0,0,0,0,0,0,0,0,0,0,0,0,0,0,0,0,0,0,0
Sierra Leone,                    Solar ,0,0,0,0,0,0,0,0,0,0,0,0,0,0,0,0,0,0,0,0,0,0,0,0,0,0,0,0,0,0,0,0,0,0.001,0.001,0.001,0.001,0.006,0.006,0.006,0.006,0.006
Sierra Leone,                Wind ,0,0,0,0,0,0,0,0,0,0,0,0,0,0,0,0,0,0,0,0,0,0,0,0,0,0,0,0,0,0,0,0,0,0,0,0,0,0,0,0,0,0
Sierra Leone,                Biomass and waste ,0,0,0,0,0,0,0,0,0,0,0,0,0,0,0,0,0,0,0,0,0,0,0,0,0,0,0,0,0,0,0,0,0,0,0.005,0.004,0.004,0.004,0.003942,0.003942,0.003942,0.003942
,,,,,,,,,,,,,,,,,,,,,,,,,,,,,,,,,,,,,,,,,,,
Somalia,            Hydroelectricity ,0,0,0,0,0,0,0,0,0,0,0,0,0,0,0,0,0,0,0,0,0,0,0,0,0,0,0,0,0,0,0,0,0,0,0,0,0,0,0,0,0,0
Somalia,                Geothermal,0,0,0,0,0,0,0,0,0,0,0,0,0,0,0,0,0,0,0,0,0,0,0,0,0,0,0,0,0,0,0,0,0,0,0,0,0,0,0,0,0,0
Somalia,"                Solar, tide, wave, fuel cell",0,0,0,0,0,0,0,0,0,0,0,0,0,0,0,0,0,0,0,0,0,0,0,0,0,0,0,0,0,0,0,0,0,0,0.0001,0.0002,0.007,0.011,0.011,0.011,0.024,0.02928
Somalia,                    Tide and wave ,0,0,0,0,0,0,0,0,0,0,0,0,0,0,0,0,0,0,0,0,0,0,0,0,0,0,0,0,0,0,0,0,0,0,0,0,0,0,0,0,0,0
Somalia,                    Solar ,0,0,0,0,0,0,0,0,0,0,0,0,0,0,0,0,0,0,0,0,0,0,0,0,0,0,0,0,0,0,0,0,0,0,0.0001,0.0002,0.007,0.011,0.011,0.011,0.024,0.02928
Somalia,                Wind ,0,0,0,0,0,0,0,0,0,0,0,0,0,0,0,0,0,0,0,0,0,0,0,0,0,0,0,0,0,0,0,0,0.004,0.004,0.004,0.005,0.005,0.0062,0.0062,0.0062,0.0062,0.0062
Somalia,                Biomass and waste ,0,0,0,0,0,0,0,0,0,0,0,0,0,0,0,0,0,0,0,0,0,0,0,0,0,0,0,0,0,0,0,0,0,0,0,0,0,0,0,0,0,0
,,,,,,,,,,,,,,,,,,,,,,,,,,,,,,,,,,,,,,,,,,,
South Africa,            Hydroelectricity ,0.992,1.656,1.016,0.595,0.56,0.624,1.623,1.617,3.162,2.759,1.01,1.98,0.752,0.146,1.074,0.529,1.319,2.092,1.595,0.726,1.343,2.061,2.357,0.777,0.941,1.319,2.869,0.859,1.191,1.386,2.093,2.036,1.193,1.10682,0.90387,0.8019,0.67419,0.81,1.104,0.731,1.444,1.473325
South Africa,                Geothermal,0,0,0,0,0,0,0,0,0,0,0,0,0,0,0,0,0,0,0,0,0,0,0,0,0,0,0,0,0,0,0,0,0,0,0,0,0,0,0,0,0,0
South Africa,"                Solar, tide, wave, fuel cell",0,0,0,0,0,0,0,0,0,0,0,0,0,0,0,0,0,0,0,0,0,0,0.021,0.021,0.021,0.021,0.021,0.021,0.021,0.021,0.021,0.021,0.03,0.054,1.075,2.399,3.007,3.936,4.241,4.809,5.031,6.653
South Africa,                    Tide and wave ,0,0,0,0,0,0,0,0,0,0,0,0,0,0,0,0,0,0,0,0,0,0,0,0,0,0,0,0,0,0,0,0,0,0,0,0,0,0,0,0,0,0
South Africa,                    Solar ,0,0,0,0,0,0,0,0,0,0,0,0,0,0,0,0,0,0,0,0,0,0,0.021,0.021,0.021,0.021,0.021,0.021,0.021,0.021,0.021,0.021,0.03,0.054,1.075,2.399,3.007,3.936,4.241,4.809,5.031,6.653
South Africa,                Wind ,0,0,0,0,0,0,0,0,0,0,0,0,0,0,0,0,0,0,0,0,0,0,0,0.006,0.012,0.012,0.012,0.012,0.021,0.03,0.034,0.037,0.037,0.01,1.057,2.5,3.7,4.924,6.467,6.624,5.937,8.356
South Africa,                Biomass and waste ,0,0,0,0,0,0,0,0,0,0,0,0,0,0,0,0,0.06,0.146,0.231,0.197,0.307,0.307,0.259,0.259,0.262,0.265,0.268,0.271,0.277,0.281,0.332,0.343,0.355,0.41,0.364,0.317,0.331,0.338,0.36,0.375,0.35,0.35
,,,,,,,,,,,,,,,,,,,,,,,,,,,,,,,,,,,,,,,,,,,
South Sudan,            Hydroelectricity ,--,--,--,--,--,--,--,--,--,--,--,--,--,--,--,--,--,--,--,--,--,--,--,--,--,--,--,--,--,--,--,--,0,0,0,0,0,0,0,0,0,0
South Sudan,                Geothermal,--,--,--,--,--,--,--,--,--,--,--,--,--,--,--,--,--,--,--,--,--,--,--,--,--,--,--,--,--,--,--,--,0,0,0,0,0,0,0,0,0,0
South Sudan,"                Solar, tide, wave, fuel cell",--,--,--,--,--,--,--,--,--,--,--,--,--,--,--,--,--,--,--,--,--,--,--,--,--,--,--,--,--,--,--,--,0.002,0.002,0.002,0.002,0.002,0.003,0.01,0.01,0.01,0.01
South Sudan,                    Tide and wave ,--,--,--,--,--,--,--,--,--,--,--,--,--,--,--,--,--,--,--,--,--,--,--,--,--,--,--,--,--,--,--,--,0,0,0,0,0,0,0,0,0,0
South Sudan,                    Solar ,--,--,--,--,--,--,--,--,--,--,--,--,--,--,--,--,--,--,--,--,--,--,--,--,--,--,--,--,--,--,--,--,0.002,0.002,0.002,0.002,0.002,0.003,0.01,0.01,0.01,0.01
South Sudan,                Wind ,--,--,--,--,--,--,--,--,--,--,--,--,--,--,--,--,--,--,--,--,--,--,--,--,--,--,--,--,--,--,--,--,0,0,0,0,0,0,0,0,0,0
South Sudan,                Biomass and waste ,--,--,--,--,--,--,--,--,--,--,--,--,--,--,--,--,--,--,--,--,--,--,--,--,--,--,--,--,--,--,--,--,0,0,0,0,0,0,0,0,0,0
,,,,,,,,,,,,,,,,,,,,,,,,,,,,,,,,,,,,,,,,,,,
Sudan,            Hydroelectricity ,0.495,0.739,0.764,0.764,0.75,0.914,0.914,0.916,0.918,0.926,0.948,1.028,1.078,1.08,1.11,0.962,1.063,1.043,1.033,1.198,1.171,1.255,1.274,1.151,1.096,1.248,1.356,1.436,1.448,3.196,6.14,6.402,6.553,8.232,8.824,8.336,7.97,9.254,9.56043,9.7882,10.2712,10
Sudan,                Geothermal,0,0,0,0,0,0,0,0,0,0,0,0,0,0,0,0,0,0,0,0,0,0,0,0,0,0,0,0,0,0,0,0,0,0,0,0,0,0,0,0,0,0
Sudan,"                Solar, tide, wave, fuel cell",0,0,0,0,0,0,0,0,0,0,0,0,0,0,0,0,0,0,0,0,0,0,0,0,0,0,0,0,0,0.001,0.001,0.004,0.006,0.013,0.013,0.013,0.018,0.02,0.02,0.022,0.028,0.03416
Sudan,                    Tide and wave ,0,0,0,0,0,0,0,0,0,0,0,0,0,0,0,0,0,0,0,0,0,0,0,0,0,0,0,0,0,0,0,0,0,0,0,0,0,0,0,0,0,0
Sudan,                    Solar ,0,0,0,0,0,0,0,0,0,0,0,0,0,0,0,0,0,0,0,0,0,0,0,0,0,0,0,0,0,0.001,0.001,0.004,0.006,0.013,0.013,0.013,0.018,0.02,0.02,0.022,0.028,0.03416
Sudan,                Wind ,0,0,0,0,0,0,0,0,0,0,0,0,0,0,0,0,0,0,0,0,0,0,0,0,0,0,0,0,0,0,0,0,0,0,0,0,0,0,0,0,0,0
Sudan,                Biomass and waste ,0,0,0,0,0,0,0,0,0,0,0,0,0,0,0,0,0,0,0,0,0.1,0.11,0.12,0.13,0.14,0.144,0.14,0.149,0.149,0.151,0.135,0.121,0.123,0.136,0.116,0.118,0.12,0.13,0.122,0.109,0.104,0.104828813
,,,,,,,,,,,,,,,,,,,,,,,,,,,,,,,,,,,,,,,,,,,
Tanzania,            Hydroelectricity ,0.987,1.019,1.028,1.064,1.094,1.114,1.069,1.162,1.233,1.431,1.534,1.709,1.634,1.681,1.478,1.524,1.731,1.435,2.057,2.143,2.121,2.576,2.693,2.524,2.333,1.76,1.422,2.499,2.623,2.614,2.674,1.973,1.749,1.7,2.564,2.087,2.342,2.327,2.21166,2.4774,3.1392,3
Tanzania,                Geothermal,0,0,0,0,0,0,0,0,0,0,0,0,0,0,0,0,0,0,0,0,0,0,0,0,0,0,0,0,0,0,0,0,0,0,0,0,0,0,0,0,0,0
Tanzania,"                Solar, tide, wave, fuel cell",0,0,0,0,0,0,0,0,0,0,0,0,0,0,0,0,0,0,0,0,0,0,0,0,0,0,0,0,0,0,0.007,0.008,0.009,0.014,0.02,0.023,0.033,0.04,0.046,0.046,0.051,0.056
Tanzania,                    Tide and wave ,0,0,0,0,0,0,0,0,0,0,0,0,0,0,0,0,0,0,0,0,0,0,0,0,0,0,0,0,0,0,0,0,0,0,0,0,0,0,0,0,0,0
Tanzania,                    Solar ,0,0,0,0,0,0,0,0,0,0,0,0,0,0,0,0,0,0,0,0,0,0,0,0,0,0,0,0,0,0,0.007,0.008,0.009,0.014,0.02,0.023,0.033,0.04,0.046,0.046,0.051,0.056
Tanzania,                Wind ,0,0,0,0,0,0,0,0,0,0,0,0,0,0,0,0,0,0,0,0,0,0,0,0,0,0,0,0,0,0,0,0,0,0,0,0,0,0,0,0,0,0
Tanzania,                Biomass and waste ,0,0,0,0,0,0,0,0,0,0,0,0,0,0,0,0,0,0,0,0,0,0,0,0,0,0,0,0,0,0.073,0.08,0.12,0.119,0.125,0.131,0.137,0.138,0.143,0.146,0.155,0.151,0.15
,,,,,,,,,,,,,,,,,,,,,,,,,,,,,,,,,,,,,,,,,,,
Togo,            Hydroelectricity ,0.038,0.038,0.057,0.019,0.038,0.076,0.076,0.076,0.076,0.095,0.095,0.193,0.128,0.23,0.148,0.255,0.19,0.093,0.172,0.203,0.099,0.049,0.085,0.121,0.08,0.073,0.09,0.091,0.09,0.109,0.092,0.105,0.088,0.03663,0.1188,0.05544,0.20196,0.207,0.1961,0.23642,0.14386,0.15
Togo,                Geothermal,0,0,0,0,0,0,0,0,0,0,0,0,0,0,0,0,0,0,0,0,0,0,0,0,0,0,0,0,0,0,0,0,0,0,0,0,0,0,0,0,0,0
Togo,"                Solar, tide, wave, fuel cell",0,0,0,0,0,0,0,0,0,0,0,0,0,0,0,0,0,0,0,0,0,0,0,0,0,0,0,0,0,0,0.0003,0.0006,0.0007,0.0009,0.001,0.003,0.003,0.004,0.009,0.012,0.015,0.0183
Togo,                    Tide and wave ,0,0,0,0,0,0,0,0,0,0,0,0,0,0,0,0,0,0,0,0,0,0,0,0,0,0,0,0,0,0,0,0,0,0,0,0,0,0,0,0,0,0
Togo,                    Solar ,0,0,0,0,0,0,0,0,0,0,0,0,0,0,0,0,0,0,0,0,0,0,0,0,0,0,0,0,0,0,0.0003,0.0006,0.0007,0.0009,0.001,0.003,0.003,0.004,0.009,0.012,0.015,0.0183
Togo,                Wind ,0,0,0,0,0,0,0,0,0,0,0,0,0,0,0,0,0,0,0,0,0,0,0,0,0,0,0,0,0,0,0,0,0,0,0,0,0,0,0,0,0,0
Togo,                Biomass and waste ,0,0,0,0,0,0,0,0,0,0,0,0,0,0,0,0,0,0,0,0,0,0,0,0,0,0,0,0,0,0,0,0,0,0,0,0,0,0,0,0,0,0
,,,,,,,,,,,,,,,,,,,,,,,,,,,,,,,,,,,,,,,,,,,
Tunisia,            Hydroelectricity ,0.023,0.029,0.039,0.03,0.066,0.108,0.051,0.112,0.047,0.034,0.044,0.104,0.064,0.063,0.04,0.041,0.07,0.072,0.075,0.094,0.063,0.053,0.063,0.164,0.152,0.144,0.091,0.049,0.03,0.078,0.05,0.054,0.109,0.059,0.055,0.068,0.045,0.017,0.0165,0.0659,0.04602,0.06
Tunisia,                Geothermal,0,0,0,0,0,0,0,0,0,0,0,0,0,0,0,0,0,0,0,0,0,0,0,0,0,0,0,0,0,0,0,0,0,0,0,0,0,0,0,0,0,0
Tunisia,"                Solar, tide, wave, fuel cell",0,0,0,0,0,0,0,0,0,0,0,0,0,0,0,0,0,0,0,0,0,0,0,0,0,0,0,0,0,0,0.001,0.002,0.01,0.017,0.034,0.065,0.109,0.133,0.174,0.245,0.333,0.40626
Tunisia,                    Tide and wave ,0,0,0,0,0,0,0,0,0,0,0,0,0,0,0,0,0,0,0,0,0,0,0,0,0,0,0,0,0,0,0,0,0,0,0,0,0,0,0,0,0,0
Tunisia,                    Solar ,0,0,0,0,0,0,0,0,0,0,0,0,0,0,0,0,0,0,0,0,0,0,0,0,0,0,0,0,0,0,0.001,0.002,0.01,0.017,0.034,0.065,0.109,0.133,0.174,0.245,0.333,0.40626
Tunisia,                Wind ,0,0,0,0,0,0,0,0,0,0,0,0,0,0,0,0,0,0,0,0,0.023,0.024,0.03,0.033,0.044,0.042,0.038,0.043,0.039,0.097,0.139,0.109,0.196,0.358,0.507,0.448,0.474,0.449,0.453,0.5,0.465,0.528583488
Tunisia,                Biomass and waste ,0,0,0,0,0,0,0,0,0,0,0,0,0,0,0,0,0,0,0,0,0,0,0,0,0,0,0,0,0,0,0,0,0,0,0,0,0,0,0,0,0,0
,,,,,,,,,,,,,,,,,,,,,,,,,,,,,,,,,,,,,,,,,,,
Uganda,            Hydroelectricity ,0.633,0.513,0.555,0.513,0.612,0.628,0.64,0.612,0.581,0.678,0.761,0.768,0.973,0.958,0.997,1.035,1.107,1.24,1.255,1.258,1.551,1.546,1.668,1.752,1.888,1.839,1.1605572,1.398,1.631,1.396,1.47015,1.49886,1.49886,2.36907,2.36907,2.40867,3.303,3.44248,3.64019,4.03561,4.080967,4
Uganda,                Geothermal,0,0,0,0,0,0,0,0,0,0,0,0,0,0,0,0,0,0,0,0,0,0,0,0,0,0,0,0,0,0,0,0,0,0,0,0,0,0,0,0,0,0
Uganda,"                Solar, tide, wave, fuel cell",0,0,0,0,0,0,0,0,0,0,0,0,0,0,0,0,0,0,0,0,0,0,0,0,0,0.004,0.008,0.011,0.017,0.02,0.021,0.023,0.025,0.027,0.029,0.032,0.039,0.062,0.071,0.117,0.122,0.14884
Uganda,                    Tide and wave ,0,0,0,0,0,0,0,0,0,0,0,0,0,0,0,0,0,0,0,0,0,0,0,0,0,0,0,0,0,0,0,0,0,0,0,0,0,0,0,0,0,0
Uganda,                    Solar ,0,0,0,0,0,0,0,0,0,0,0,0,0,0,0,0,0,0,0,0,0,0,0,0,0,0.004,0.008,0.011,0.017,0.02,0.021,0.023,0.025,0.027,0.029,0.032,0.039,0.062,0.071,0.117,0.122,0.14884
Uganda,                Wind ,0,0,0,0,0,0,0,0,0,0,0,0,0,0,0,0,0,0,0,0,0,0,0,0,0,0,0,0,0,0,0,0,0,0,0,0,0,0,0,0,0,0
Uganda,                Biomass and waste ,0,0,0,0,0,0,0,0,0,0,0,0,0,0,0,0,0,0,0,0,0.03,0.031,0.037,0.043,0.047,0.047,0.049,0.047,0.11,0.156,0.156,0.125,0.16,0.192,0.322,0.353,0.363,0.363,0.419,0.104,0.188,0.189498238
,,,,,,,,,,,,,,,,,,,,,,,,,,,,,,,,,,,,,,,,,,,
Zambia,            Hydroelectricity ,9.01,9.676,9.913,9.93,9.783,9.852,9.695,8.353,8.291,6.702,7.731,7.715,7.663,7.666,7.668,7.792,7.043,7.807,7.464,7.635,7.673,7.814,8.021,8.174,8.375,8.794,9.572,9.535,9.427,9.782,10.331,11.368,12.227,13.148,13.902,12.907,10.915,12.48896,13.70611,12.331807,12.792759,16.072683
Zambia,                Geothermal,0,0,0,0,0,0,0,0,0,0,0,0,0,0,0,0,0,0,0,0,0,0,0,0,0,0,0,0,0,0,0,0,0,0,0,0,0,0,0,0,0,0
Zambia,"                Solar, tide, wave, fuel cell",0,0,0,0,0,0,0,0,0,0,0,0,0,0,0,0,0,0,0,0,0,0,0,0,0,0.001,0.002,0.002,0.002,0.002,0.002084,0.002432,0,0.000104,0.000104,0.000104,0.000163,0.000163,0.001,0.118,0.15,0.148
Zambia,                    Tide and wave ,0,0,0,0,0,0,0,0,0,0,0,0,0,0,0,0,0,0,0,0,0,0,0,0,0,0,0,0,0,0,0,0,0,0,0,0,0,0,0,0,0,0
Zambia,                    Solar ,0,0,0,0,0,0,0,0,0,0,0,0,0,0,0,0,0,0,0,0,0,0,0,0,0,0.001,0.002,0.002,0.002,0.002,0.002084,0.002432,0,0.000104,0.000104,0.000104,0.000163,0.000163,0.001,0.118,0.15,0.148
Zambia,                Wind ,0,0,0,0,0,0,0,0,0,0,0,0,0,0,0,0,0,0,0,0,0,0,0,0,0,0,0,0,0,0,0,0,0,0,0,0,0,0,0,0,0,0
Zambia,                Biomass and waste ,0,0,0,0,0,0,0,0,0,0,0,0,0,0,0,0,0,0,0,0,0.039,0.039,0.039,0.039,0.039,0.039,0.039,0.039,0.034,0.054,0.064,0.063,0.067,0.066,0.071,0.073,0.076,0.078,0.078305,0.078305,0.078305,0.078305
,,,,,,,,,,,,,,,,,,,,,,,,,,,,,,,,,,,,,,,,,,,
Zimbabwe,            Hydroelectricity ,3.966,4.072,3.568,3.695,3.422,3.065,3.122,2.48,2.659,3.369,3.752,3.527,2.88,1.766,1.628,1.814,2.141,2.102,1.861,2.92,3.227,2.968,3.786,5.305,5.466,4.866,5.257,5.329,5.651,5.403,5.741,5.149,5.336,4.946,5.377,4.94,2.955,3.9689,5.04898,4.165599,3.805347,4
Zimbabwe,                Geothermal,0,0,0,0,0,0,0,0,0,0,0,0,0,0,0,0,0,0,0,0,0,0,0,0,0,0,0,0,0,0,0,0,0,0,0,0,0,0,0,0,0,0
Zimbabwe,"                Solar, tide, wave, fuel cell",0,0,0,0,0,0,0,0,0,0,0,0,0,0,0,0,0,0,0,0,0,0,0,0,0,0,0,0,0,0,0,0.0004,0.002,0.003,0.005,0.008,0.009,0.011,0.019,0.026,0.034,0.04148
Zimbabwe,                    Tide and wave ,0,0,0,0,0,0,0,0,0,0,0,0,0,0,0,0,0,0,0,0,0,0,0,0,0,0,0,0,0,0,0,0,0,0,0,0,0,0,0,0,0,0
Zimbabwe,                    Solar ,0,0,0,0,0,0,0,0,0,0,0,0,0,0,0,0,0,0,0,0,0,0,0,0,0,0,0,0,0,0,0,0.0004,0.002,0.003,0.005,0.008,0.009,0.011,0.019,0.026,0.034,0.04148
Zimbabwe,                Wind ,0,0,0,0,0,0,0,0,0,0,0,0,0,0,0,0,0,0,0,0,0,0,0,0,0,0,0,0,0,0,0,0,0,0,0,0,0,0,0,0,0,0
Zimbabwe,                Biomass and waste ,0,0,0,0,0,0,0,0,0,0,0,0,0,0,0,0,0,0,0,0,0,0,0,0,0,0,0.103,0.063,0.079,0.057,0.094,0.131,0.168,0.166,0.144,0.128,0.147,0.151,0.187,0.189,0.099,0.099788966
